Experiment #,Sample Name,Type,Sample,Target Name,Mean Equivalent Cq,Human/Mouse Ratio (Ct),Mouse Contamination,Nm Exp #,Sample Name_2,Exp#,Ppx Submission Date,Ppx Result
EWS 01.22.001,Mast 623E - T,Tumor,Sample 20,hGAPDH,18.771,0.8186575951851368,-0.2333507784901214,NM_08.22.24,,,,
,,,Sample 20,mGapdh,22.929,,,,,,,
EWS 01.22.001,Mast 623E S7,Organoids,Sample 21,hGAPDH,19.021,0.9313519071634923,-0.016630947762514794,NM_08.22.24,MAST 623E S7 (EWS) ,EWS 01.22.001,2022-07-11 00:00:00,PASSED
,,,Sample 21,mGapdh,20.423,,,,,,,
EWS 01.22.002,Mast 623E T,Tumor,Sample 6,hGAPDH,17.446,0.78082621,-0.306,NM_8.22.51,,,,
 ,,,Sample 6,mGapdh,22.343, , ,,,,,
EWS 01.22.002,Mast 623E S7,Organoids,Sample 7,hGAPDH,17.204,0.784818211,-0.298,NM_8.22.51,,,,
 ,,,Sample 7,mGapdh,21.921, , ,,,,,
EWS 01.22.002,Mast 623E P1,Cells,Sample 8,hGAPDH,18.215,0.829575989,-0.212,NM_8.22.51,MAST 623E p1 (EWS),EWS 01.22.002,2022-11-28 00:00:00,PASSED
 ,,,Sample 8,mGapdh,21.957, , ,,,,,
EWS 01.22.003,Mast 623F T,Tumor,Sample 18,hGAPDH,19.346,0.946616431,0.013,NM_8.22.35,,,,
,,,Sample 18,mGapdh,20.437, , ,,,,,
EWS 01.22.003,Mast 623F S9,Organoids,Sample 19,hGAPDH,18.812,0.791817493,-0.285,NM_8.22.35,MAST 623F S9 (EWS),EWS 01.22.003,2022-07-11 00:00:00,PASSED
,,,Sample 19,mGapdh,23.758, , ,,,,,
EWS 01.22.003,Mast 623F P1,Cells,Sample 20,hGAPDH,18.424,0.851111008,-0.171,NM_8.22.35,,,,
,,,Sample 20,mGapdh,21.647, , ,,MAST 623F p3 (EWS) - PASSED,EWS 01.22.003,2022-10-25 00:00:00,PASSED
EWS 01.22.005,Mast 496 T,Tumor,Sample 11,hGAPDH,17.038,0.821029298,-0.229,NM_8.22.41,,,,
 ,,,Sample 11,mGapdh,20.752, , ,,,,,
EWS 01.22.005,Mast 496 S9,Organoids,Sample 12,hGAPDH,16.707,0.803414282,-0.263,NM_8.22.41,MAST 496 S7 (EWS) - PASSED,EWS 01.22.005,2022-09-21 00:00:00,PASSED
 ,,,Sample 12,mGapdh,20.795, , ,,,,,
EWS 01.22.005,Mast 496 P1,Cells,Sample 13,hGAPDH,17.232,0.826237054,-0.219,NM_8.22.41,MAST 496 p1 (EWS) - PASSED,EWS 01.22.005,2022-10-25 00:00:00,PASSED
 ,,,Sample 13,mGapdh,20.856, , ,,MAST 496 p3 (EWS) - PASSED,EWS 01.22.005,2022-10-25 00:00:00,PASSED
EWS 01.22.005,Mast 496 S7P3T,Tumor,Sample 10,hGAPDH,18.02,0.873654611,-0.128,NM_8.22.55,,,,
 ,,,Sample 10,mGapdh,20.626, , ,,,,,
EWS 01.22.006,Mast 496 S7,Organoids,Sample 38,hGAPDH,17.022,0.8129328048139834,-0.2443599907423394,NM_08.23.20,,,,
,,,Sample 38,mGapdh,20.939,,,,,,,
EWS 01.22.006,Mast 496 P1,Cells,Sample 39,hGAPDH,16.93,0.8323909730075225,-0.20694043652399505,NM_08.23.20,MAST 496 S7 (EWS) - PASSED,EWS 01.22.006,2022-10-05 00:00:00,PASSED
,,,Sample 39,mGapdh,20.339,,,,,,,
,,,,,,,,,MAST 496 p1 (EWS) - PASSED,EWS 01.22.006,2022-10-25 00:00:00,PASSED
EWS 01.22.007,Mast 482D T,Tumor,Sample 1,hGAPDH,16.847,0.712768658,-0.437,NM_8.22.46,,,,
 ,,,Sample 1,mGapdh,23.636, , ,,,,,
EWS 01.22.007,Mast 482D S7,Organoids,Sample 2,hGAPDH,16.625,0.676996376,-0.506,NM_8.22.46,MAST 482D S7 (EWS) - PASSED,EWS 01.22.007,2022-10-05 00:00:00,PASSED
 ,,,Sample 2,mGapdh,24.557, , ,,,,,
EWS 01.22.007,Mast 482D P1,Cells,Sample 3,hGAPDH,16.543,0.64889778,-0.56,NM_8.22.46,MAST 482D p1 (EWS) - PASSED,EWS 01.22.007,10/25/222,PASSED
 ,,,Sample 3,mGapdh,25.494, , ,,,,,
EWS 01.22.007,Mast 482D S7P3T,Tumor,Sample 10,hGAPDH,16.179,0.704353505,-0.453,NM_8.22.59,,,,
 ,,,Sample 10,mGapdh,22.97, , ,,,,,
EWS 01.22.009,Mast 659D T,Tumor,Sample 4,hGAPDH,16.702,0.7109957,-0.44,NM_8.22.46,,,,
 ,,,Sample 4,mGapdh,23.491, , ,,,,,
EWS 01.22.009,Mast 659D S7,Organoids,Sample 5,hGAPDH,15.123,0.651348092,-0.555,NM_8.22.46,MAST 659D S7 (EWS) - PASSED,EWS 01.22.009,2022-10-05 00:00:00,"PASSED 
(trisomy at one locus)"
 ,,,Sample 5,mGapdh,23.218, , ,,,,,
EWS 01.22.009,Mast 659D P1,Cells,Sample 6,hGAPDH,17.056,0.742113736,-0.381,NM_8.22.46,MAST 659D p1 (EWS) - PASSED,EWS 01.22.009,2022-10-25 00:00:00,"PASSED 
(trisomy at one locus)"
 ,,,Sample 6,mGapdh,22.983, , ,,,,,
EWS 01.22.009,Mast 659D S7P3T,Tumor,Sample 30,hGAPDH,16.346,0.72629521,-0.411,NM_8.23.02,,,,
 ,Parafemoral Injection,,Sample 30,mGapdh,22.506, , ,,,,,
EWS 01.22.011,Mast 297A T,Tumor,Sample 6,hGAPDH,15.882,0.769439465,-0.328,NM_8.22.59,,,,
 ,,,Sample 6,mGapdh,20.641, , ,,,,,
EWS 01.22.011,Mast 297A S7,Organoids,Sample 7,hGAPDH,15.032,0.633486451,-0.589,NM_8.22.59,MAST 297A S7 (EWS) - PASSED,EWS 01.22.011,2022-12-12 00:00:00,PASSED
 ,,,Sample 7,mGapdh,23.729, , ,,,,,
EWS 01.22.011,Mast 297A P1 (Ews),Cells,Sample 25 (NM_8.22.59),hGAPDH,16.172,0.560243886,-0.73,NM_8.22.59,MAST 297A p1 (EWS) - PASSED,EWS 01.22.011,2023-01-24 00:00:00,PASSED
 ,,,Sample 25 (NM_8.22.59),mGapdh,28.866, , ,,,,,
EWS 01.22.011,Mast 297A S7P3T,Tumor,Sample 16,hGAPDH,15.924,0.7192087078271081,-0.42459863879402276,NM_08.23.24,,,,
,,,Sample 16,mGapdh,22.141,,,,,,,
EWS 01.22.013,Mast 659B T,Tumor,Sample 8,hGAPDH,15.777,0.722423188,-0.418,NM_8.22.59,,,,
 ,,,Sample 8,mGapdh,21.839, , ,,,,,
EWS 01.22.013,Mast 659B S7,Organoids,Sample 9,hGAPDH,15.577,0.610623285,-0.633,NM_8.22.59,MAST 659B S7 (EWS) - PASSED,EWS 01.22.013,2023-01-10 00:00:00,PASSED
 ,,,Sample 9,mGapdh,25.51, , ,,,,,
EWS 01.22.013,Mast 659B P1,Cells,Sample 31,hGAPDH,16.241,0.614630639,-0.626,NM_8.23.02,MAST 659B p1 (EWS) - PASSED,EWS 01.22.013,2023-04-04 00:00:00,PASSED
 ,,,Sample 31,mGapdh,26.424, , ,,,,,
EWS 01.22.015,Mast 601E T,Tumor,Sample 32,hGAPDH,16.373,0.968988578,0.056,NM_8.23.02,,,,
 ,,,Sample 32,mGapdh,16.897, , ,,,,,
EWS 01.22.015,Mast 601E S7,Organoids,Sample 33,hGAPDH,16.526,0.707266969,-0.448,NM_8.23.02,MAST 601E S7 (EWS) - PASSED,EWS 01.22.015,2023-01-10 00:00:00,PASSED
 ,,,Sample 33,mGapdh,23.366, , ,,,,,
EWS 01.22.015,Mast 601E P1,Cells,Sample 34,hGAPDH,15.719,0.68174524,-0.497,NM_8.23.02,MAST 601E p1 (EWS) - PASSED,EWS 01.22.015,2023-01-10 00:00:00,PASSED
 ,,,Sample 34,mGapdh,23.057, , ,,,,,
EWS 01.22.015,Mast 601E P3T,Tumor,Sample 19,hGAPDH,16.509,0.710767641107332,-0.4408314594089767,NM_08.23.28,,,,
,,,Sample 19,mGapdh,23.227,,,,,,,
EWS 01.23.017,Mast 619 T,Tumor,Sample 30,hGAPDH,17.537,0.909265308,-0.059,NM_8.23.08,,,,
 ,,,Sample 30,mGapdh,19.287, , ,,,,,
EWS 01.23.017,Mast 619 S7,Organoids,Sample 31,hGAPDH,17.039,0.656153728,-0.546,NM_8.23.08,MAST 619 S7 (EWS) - PASSED,EWS 01.23.017,2023-01-24 00:00:00,PASSED
 ,,,Sample 31,mGapdh,25.968, , ,,,,,
EWS 01.23.017,Mast 619 P1,Cells,Sample 32,hGAPDH,16.908,0.647567982,-0.562,NM_8.23.08,MAST 619 p1 (EWS) - PASSED,EWS 01.23.017 ,2023-02-09 00:00:00,PASSED
 ,,,Sample 32,mGapdh,26.11, , ,,,,,
EWS 01.23.019,Mast 297B T,Tumor,Sample 1,hGAPDH,17.334,0.750422096,-0.365,NM_8.23.11,,,,
 ,,,Sample 1,mGapdh,23.099, , ,,,,,
EWS 01.23.019,Mast 297B S7,Organoids,Sample 2,hGAPDH,16.147,0.717899698,-0.427,NM_8.23.11,MAST 297B S7 (EWS) - PASSED,EWS 01.23.019,2023-01-24 00:00:00,PASSED
 ,,,Sample 2,mGapdh,22.492, , ,,,,,
EWS 01.23.019,Mast 297B P1,Cells,Sample 3,hGAPDH,16.579,0.558159109,-0.734,NM_8.23.11,MAST 297B p1 (EWS) - PASSED,EWS 01.23.019 ,2023-02-09 00:00:00,PASSED
 ,,,Sample 3,mGapdh,29.703, , ,,,,,
EWS 01.22.019,Mast 297B P3T,Tumor,Sample 18,hGAPDH,16.692,0.7428240843754172,-0.37918445312419746,NM_08.23.28,,,,
,,,Sample 18,mGapdh,22.471,,,,,,,
EWS 01.23.021,Mast 358A T,Tumor,Sample 4,hGAPDH,15.99,0.759511709,-0.347,NM_8.23.11,,,,
 ,,,Sample 4,mGapdh,21.053, , ,,,,,
EWS 01.23.021,Mast 358A S7,Organoids,Sample 5,hGAPDH,16.302,0.804163378,-0.261,NM_8.23.11,MAST 358A S7 (EWS) - PASSED,EWS 01.23.021 ,2023-02-09 00:00:00,PASSED
 ,,,Sample 5,mGapdh,20.272, , ,,,,,
EWS 01.23.021,Mast 358A P1,Cells,Sample 6,hGAPDH,16.894,0.687027247,-0.486,NM_8.23.11,MAST 358A p1 (EWS) - PASSED,EWS 01.23.021 ,2023-02-23 00:00:00,PASSED
 ,,,Sample 6,mGapdh,24.59, , ,,,,,
EWS 01.23.021,Mast 358A S7P3T,Tumor,Sample 13,hGAPDH,17.145,0.854472963,-0.164,NM_08.23.33,,,,
 ,,,Sample 13,mGapdh,20.065, , ,,,,,
EWS 01.23.023,Mast 623D T,Tumor,,,,,,,,,,
EWS 01.23.023,Mast 623D S7,Organoid,,,,,,,,,,
EWS 01.23.023,Mast 623D P1,Cells,,,,,,,MAST 623D p1 (EWS) - PASSED,EWS 01.23.023,2023-05-10 00:00:00,PASSED
EWS 01.23.024,Mast 659B T,Tumor,,,,,,,,,,
EWS 01.23.024,Mast 659B S7,Organoid,,,,,,,,,,
EWS 01.23.024,Mast 659B P1,Cells,,,,,,,,,,
