Experiment #,Sample,Type,Sample Name,Target Name,Mean Equivalent Cq,Human/Mouse Ratio (Ct),Mouse Contamination,Nm Exp#,Injection Method,Sample Name_2,Exp#,Ppx Submission Date,Ppx Result
JDM 01.22.011,MAST 492A p1 (-DEXA) +flow,Cells,Sample 12,hGAPDH,19.483,0.602144888,-0.65,,,,,,
JDM 01.22.011,MAST 492A p1 (-DEXA) +flow,,Sample 12,mGapdh,32.356, , ,,,,,,
JDM 01.22.011,MAST 492A p1 (-DEXA) -flow,Cells,Sample 13,hGAPDH,22.364,1.351299094,0.791,,,,,,
JDM 01.22.011,MAST 492A p1 (-DEXA) -flow,,Sample 13,mGapdh,16.55, , ,,,,,,
OST 01.21.001,MAST 152 T,Tumor,Sample 1,hGAPDH,33.751,1.984652475596848,2.008947068455477,NM_8.22.14/15,BM,,,,
,,,Sample 1,mGapdh,17.006,,,,,,,,
OST 01.21.001,MAST 152 S7 (OST),Organoids,Sample 2,hGAPDH,30.099,1.7785853572061694,1.6126641484734028,NM_8.22.14/15,,MAST 152 S7 (OS),3D2D_OST_01.21.001,2022-03-16,FAILED
,,,Sample 2,mGapdh,16.923,,,,,,,,
OST 01.21.001,MAST 152 p1 (OST),Cells,Sample 3,hGAPDH,37.874,2.1811794517392307,2.3868835610369823,NM_8.22.14/15,,MAST 152 p3 (OS) - resubmission,3D2D_OST_01.21.001,2022-03-16,"FAILED
"
,,,Sample 3,mGapdh,17.364,,,,,,,,
OST 01.22.002,MAST 152 T,Tumor,Sample 14,hGAPDH,35.35,1.922553978,1.89,NM_8.22.41,,,,,
 , ,,Sample 14,mGapdh,18.387, , ,,,,,,
OST 01.22.002,MAST 152 S7,Organoids,Sample 15,hGAPDH,34.297, ,2.046,NM_8.22.41,,MAST 152 S7 (OS) - FAILED,OST 01.22.002,2022-09-21,FAILED
 , ,,Sample 15,mGapdh,17.114, , ,,,,,,
OST 01.22.002,MAST 152 p1,Cells,Sample 16,hGAPDH,36.96,2.157114509,2.341,NM_8.22.41,,,,,
 , ,,Sample 16,mGapdh,17.134, , ,,,,,,
OST 01.21.003,MAST 634 T,Tumor,Sample 4,hGAPDH,19.773,0.9552635393014154,0.02935296019502969,NM_08.22.21/22,BM,,,,
,,,Sample 4,mGapdh,20.699,,,,,,,,
OST 01.21.003,MAST 634 S7 (OST),Organoids,Sample 5,hGAPDH,18.061,1.0451362768358314,0.2021851477612144,NM_08.22.21/22,,MAST 634 S7 (OS),OST 01.21.003,2022-08-24,PASSED
,,,Sample 5,mGapdh,17.281,,,,,,,,
OST 01.21.003,MAST 634 p1 (OST),Cells,Sample 6,hGAPDH,18.551,1.0321019250027816,0.17711908654381095,NM_08.22.21/22,,MAST 634 p3 (OS),OST 01.21.003,2022-01-24,PASSED
,,,Sample 6,mGapdh,17.974,,,,,,,,
OST 01.22.003,MAST 634 S7p3T,Tumor,Sample 39,hGAPDH,21.959,1.363235659,0.814,NM_8.22.35,,,,,
,,,Sample 39,mGapdh,16.108, , ,,,,,,
OST 01.21.005,MAST 492B T,Tumor,Sample 7,hGAPDH,19.071,0.8377701634159199,-0.19659583958476928,NM_08.22.21/22,BM,,,,
,,,Sample 7,mGapdh,22.764,,,,,,,,
OST 01.21.006,MAST 492B S7 (OST),Organoids,Sample 8,hGAPDH,24.474,1.2319540924192087,0.5614501777292477,NM_08.22.21/22,,,,,
,,,Sample 8,mGapdh,19.866,,,,,,,,
OST 01.22.006,MAST 492B p1 (OST),Cells,Sample 40,hGAPDH,25.486,1.626835184,1.321,NM_8.22.35,,MAST 492B p3 (OS),OST 01.22.006,2022-07-11,"FAILED
Note: Previously, p3 samples have failed the test, but P3T tumors pass the test. Therefore, MJ plans to test 2D and S7P3T samples if available"
,,,Sample 40,mGapdh,15.666, , ,,,,,,
OST 01.22.007,MAST 470C T,Tumor,Sample 41,hGAPDH,20.779,0.978756477,0.075,NM_8.22.35,BM,,,,
,,,Sample 41,mGapdh,21.23, , ,,,,,,
OST 01.22.007,MAST 470C S7,Organoids,Sample 42,hGAPDH,24.019,1.287122877,0.668,NM_8.22.35,,,,,
,,,Sample 42,mGapdh,18.661, , ,,,,,,
OST 01.22.007,MAST 470C p1,Cells,Sample 43,hGAPDH,25.694,1.59105827,1.252,NM_8.22.35,,MAST 470C p3 (OS),OST 01.22.007,2022-07-11,"FAILED
Note: Previously, p3 samples have failed the test, but P3T tumors pass the test. Therefore, MJ plans to test 2D and S7P3T samples if available"
,,,Sample 43,mGapdh,16.149, , ,,,,,,
OST 01.22.009,MAST 553 T,Tumor,Sample 5,hGAPDH,19.249,0.8923141108844799,-0.09170363291446168,NM_08.22.24,PF,,,,
,,,Sample 5,mGapdh,21.572,,,,,,,,
OST 01.22.009,MAST 553 S7,Organoids,Sample 6,hGAPDH,18.835,0.8571883675419835,-0.1592531393423394,NM_08.22.24,,,,,
,,,Sample 6,mGapdh,21.973,,,,,,,,
OST 01.22.010 ,MAST 553 T ,Tumor,Sample 1,hGAPDH,17.943,0.807661145,-0.254,NM_8.22.38,,,,,
 , ,,Sample 1,mGapdh,22.216, , ,,,,,,
OST 01.22.010 ,MAST 553 S7  ,Spheroid,Sample 2,hGAPDH,17.243,0.69781465,-0.466,NM_8.22.38,,,,,
 , ,,Sample 2,mGapdh,24.71, , ,,,,,,
OST 01.22.010 ,MAST 553 P1 ,Cells,Sample 3,hGAPDH,17.838,0.743311943,-0.378,NM_8.22.38,,,,,
 , ,,Sample 3,mGapdh,23.998, , ,,,MAST 553 p3 (OS) - PASSED,OST 01.22.010,2022-11-28,PASSED
OST 01.23.010,MAST 553 S7p3T,Tumor,Sample 1,hGAPDH,17.578,0.784311976,-0.299,NM_08.23.12,,,,,
 , ,,Sample 1,mGapdh,22.412, , ,,,,,,
OST 01.22.011,MAST 470A T,Tumor,Sample 7,hGAPDH,18.067,0.8163292969455991,-0.23782827510461704,NM_08.22.24,BM,,,,
,,,Sample 7,mGapdh,22.132,,,,,,,,
OST 01.22.011,MAST 470A S7 ,Organoids,Sample 8,hGAPDH,21.473,1.134277111615868,0.3736098300305156,NM_08.22.24,,MAST 470A S7 (OS),OST 01.22.011,2022-08-24,PASSED
,,,Sample 8,mGapdh,18.931,,,,,,,,
OST 01.22.011,MAST 470A p1,Cells,Sample 9,hGAPDH,21.078,1.2741340748352779,0.6425655285293805,NM_08.22.24,,MAST 470A p3 (OS),OST 01.22.011,2022-07-11,"FAILED
Note: Previously, p3 samples have failed the test, but P3T tumors pass the test. Therefore, MJ plans to test 2D and S7P3T samples if available"
,,,Sample 9,mGapdh,16.543,,,,,,,,
OST 01.22.011,MAST 492A p1 (-DEXA) +flow,Cells,Sample 12,hGAPDH,19.483,0.6021448881196687,-0.6497213690006369,NM_8.22.35,,,,,
,,,Sample 12,mGapdh,32.356,,,,,,,,
OST 01.22.011,MAST 492A p1 (-DEXA) -flow,Cells,Sample 13,hGAPDH,22.364,1.351299093655589,0.7909597954915175,NM_8.22.35,,,,,
,,,Sample 13,mGapdh,16.55,,,,,,,,
OST 01.22.012,MAST 470A T,Tumor,Sample 1,hGAPDH,18.092,0.8558183538315988,-0.1618877810930792,NM_8.22.35,,,,,
,,,Sample 1,mGapdh,21.14,,,,,,,,
OST 01.22.012,MAST 470A S8,Organoids,Sample 2,hGAPDH,23.402,1.3502971553863021,0.7890329911275041,NM_8.22.35,,MAST 470A S8 (OS) ,OST 01.22.012,2022-07-11,PASSED
,,,Sample 2,mGapdh,17.331,,,,,MAST 470A p3 (OS) - FAILED,OST 01.22.012,2022-09-21,FAILED
OST 01.22.013,MAST 586 T,Tumor,Sample 10,hGAPDH,18.433,0.8835258591765326,-0.10860411696820645,NM_08.22.24,PF,,,,
,,,Sample 10,mGapdh,20.863,,,,,,,,
OST 01.22.013,MAST 586 S7,Organoids,Sample 3,hGAPDH,19.827,1.093360538,0.295,NM_8.22.35,,MAST 586 S7 (OS),OST 01.22.013,2022-07-11,PASSED
,,,Sample 3,mGapdh,18.134, , ,,,,,,
,,,,,,,,,,MAST 586 p2 (OS) - PASSED,OST 01.22.013,2022-09-21,PASSED
OST 01.22.015,MAST 597 T,Tumor,Sample 11,hGAPDH,17.59,0.8402598643355307,-0.19180795320090244,NM_08.22.24,BM,MAST 597 - T,OST 01.22.015,2022-07-11,PASSED
,,,Sample 11,mGapdh,20.934,,,,,,,,
OST 01.22.015,MAST 597 S7,Organoids,Sample 12,hGAPDH,19.138,1.1050929668552951,0.3174864747217215,NM_08.22.24,,,,,
,,,Sample 12,mGapdh,17.318,,,,,,,,
OST 01.22.015,MAST 597 p1,Cells,Sample 4,hGAPDH,19.844,1.101954687,0.311,NM_8.22.35,,MAST 597 p1 (OS),OST 01.22.015,2022-08-24,PASSED
,,,Sample 4,mGapdh,18.008, , ,,,,,,
OST 01.22.016,MAST 597 S7,Organoids,Sample 5,hGAPDH,19.929,0.715506409,-0.432,NM_8.22.35,,,,,
,,,Sample 5,mGapdh,27.853, , ,,,,,,
OST 01.22.017,MAST 229 T,Tumor,Sample 13,hGAPDH,19.62,1.0016847909327615,0.11862459794761841,NM_08.22.24,BM,,,,
,,,Sample 13,mGapdh,19.587,,,,,,,,
OST 01.22.017,MAST 229 S7,Organoids,Sample 14,hGAPDH,20.832,1.1220510610793926,0.3500981943834473,NM_08.22.24,,MAST 229 S7 (OS),OST 01.22.017,2022-07-11,PASSED
,,,Sample 14,mGapdh,18.566,,,,,,,,
OST 01.22.017,MAST 229 p1,Cells,Sample 6,hGAPDH,23.895,1.40807307,0.9,NM_8.22.35,,,,,
,,,Sample 6,mGapdh,16.97, , ,,,,,,
OST 01.22.018,MAST 229 T,Tumor,Sample 8,hGAPDH,17.837,0.851083119,-0.171,NM_8.22.53,,MAST 229 - T - PASSED,OST 01.22.018,2022-10-25,PASSED
 , ,,Sample 8,mGapdh,20.958, , ,,,,,,
OST 01.22.018,MAST 229 S7 Unt,Organoids,Sample 9,hGAPDH,18.461,0.845942354,-0.181,NM_8.22.53,,MAST 229 S7 untreated (OS) - PASSED,OST 01.22.018,2022-12-12,PASSED
 , ,,Sample 9,mGapdh,21.823, , ,,,,,,
OST 01.22.018,MAST 229 S7 Human,Organoids,Sample 10,hGAPDH,18.78,0.648906396,-0.56,NM_8.22.53,,MAST 229 S7 depleted (OS) - PASSED,OST 01.22.018,2022-12-12,PASSED
 , ,,Sample 10,mGapdh,28.941, , ,,,,,,
OST 01.22.018,MAST 229 p1 Unt,Cells,Sample 11,hGAPDH,18.98,1.035348025,0.183,NM_8.22.53,,,,,
 , ,,Sample 11,mGapdh,18.332, , ,,,,,,
OST 01.22.018,MAST 229 p1 Human,Cells,Sample 12,hGAPDH,18.891,0.720975498,-0.421,NM_8.22.53,,,,,
 , ,,Sample 12,mGapdh,26.202, , ,,,,,,
OST 01.22.019,MAST 389 T,Tumor,Sample 15,hGAPDH,17.112,0.7781365103906143,-0.3112759415565109,NM_08.22.24,BM,,,,
,,,Sample 15,mGapdh,21.991,,,,,,,,
OST 01.22.019,MAST 389 S7,Organoids,Sample 7,hGAPDH,19.91,0.95290514,0.025,NM_8.22.35,,MAST 389 S7 (OS) ,OST 01.22.019,2022-07-11,PASSED
,,,Sample 7,mGapdh,20.894, , ,,,,,,
OST 01.22.019,MAST 389 S7p3T,Tumor,Sample 18,hGAPDH,16.688,0.75607104,-0.354,NM_8.23.02,,MAST 389 S7P3T (OS) - PASSED [BM injection],OST 01.22.019,2023-01-10,PASSED
 , ,,Sample 18,mGapdh,22.072, , ,,,,,,
OST 01.22.020,MAST 389 T,Tumor,Sample 8,hGAPDH,17.601,0.849756192,-0.174,NM_8.22.35,,,,,
,,,Sample 8,mGapdh,20.713, , ,,,,,,
OST 01.22.020,MAST 389 S7,Organoids,Sample 9,hGAPDH,19.211,1.051275036,0.214,NM_8.22.35,,MAST 389 S7 (OS),OST 01.22.020,2022-08-24,PASSED
,,,Sample 9,mGapdh,18.274, , ,,,,,,
OST 01.22.020,MAST 389 p1,Cells,Sample 10,hGAPDH,26.578,1.569783238,1.211,NM_8.22.35,,,,,
,,,Sample 10,mGapdh,16.931, , ,,,,,,
3D2D_OST 01.22.023,MAST 492A-T,Tumor Cells,Sample 19,hGAPDH,20.946,0.8671496584558063,-0.1400968106619109,NM_8.22.30,BM**,,,,
,,,Sample 19,mGapdh,24.155,,,,"Tumor was 
next to femur",,,,
OST 01.22.023,MAST 492A S7 SkOS,Spheroids,Sample 30,hGAPDH,19.96,0.8401734225701898,-0.19197418736501953,NM_8.22.30,,,,,
,,,Sample 30,mGapdh,23.757,,,,,,,,
OST 01.22.023,MAST 492A S7 OS3 (+) Dexa,Spheroids,Sample 29,hGAPDH,19.611,0.7543562718775244,-0.3570071694662991,NM_8.22.30,,,,,
,,,Sample 29,mGapdh,25.997,,,,,,,,
OST 01.22.023,MAST 492A S7 OS3 (-) Dexa,Spheroids,Sample 28,hGAPDH,19.715,0.7712016898763887,-0.32461213485309853,NM_8.22.30,,MAST 492A S7 (OS3-dexa),OST 01.22.023,2022-08-24,PASSED
,,,Sample 28,mGapdh,25.564,,,,,,,,
OST 01.22.023,MAST 492A p1 (+DEXA),Cells,Sample 11,hGAPDH,18.992,0.799932609,-0.269,NM_8.22.35,,,,,
,,,Sample 11,mGapdh,23.742, , ,,,,,,
OST 01.22.024,MAST 492A T,Tumor,Sample 11,hGAPDH,16.882,0.814689702,-0.241,NM_8.22.59,,,,,
 , ,,Sample 11,mGapdh,20.722, , ,,,,,,
OST 01.22.024,MAST 492A S7,Organoids,Sample 12,hGAPDH,16.097,0.796329277,-0.276,NM_8.22.59,,,,,
 , ,,Sample 12,mGapdh,20.214, , ,,,,,,
OST 01.22.024,MAST 492A p1 (OS3),Cells,Sample 13,hGAPDH,24.541,1.449300183,0.979,NM_8.22.59,,,,,
 , ,,Sample 13,mGapdh,16.933, , ,,,,,,
OST 01.22.025 ,MAST 459A T ,Tumor,Sample 4,hGAPDH,17.57,0.844143365,-0.184,NM_8.22.38,,,,,
 , ,,Sample 4,mGapdh,20.814, , ,,,,,,
OST 01.22.025 ,MAST 459A S7 ,Spheroid,Sample 5,hGAPDH,16.968,0.851508004,-0.17,NM_8.22.38,,MAST 459A S7 (OS) - PASSED,OST 01.22.025,2022-12-12,PASSED
 , ,,Sample 5,mGapdh,19.927, , ,,,,,,
OST 01.22.025 ,MAST 459A P1 ,Cells,Sample 6,hGAPDH,20.701,1.223825007,0.546,NM_8.22.38,,MAST 459A p1 (OS) - PASSED,OST 01.22.025,2022-09-21,PASSED
 , ,,Sample 6,mGapdh,16.915, , ,,,"MAST 459A p3 (OS) - FAILED
Will resubmit to confirm",OST 01.22.025,2022-10-25,FAILED
OST 01.22.026,MAST 459A T,Tumor,Sample 7,hGAPDH,17.661,0.849494949,-0.174,NM_8.22.48,,,,,Will resubmit to confirm
 , ,,Sample 7,mGapdh,20.79, , ,,,,,,
OST 01.22.026,MAST 459A S7,Organoids,Sample 8,hGAPDH,17.536,0.878821289,-0.118,NM_8.22.48,,MAST 459A S7 (OS) - PASSED,OST 01.22.026,2022-10-05,PASSED
 , ,,Sample 8,mGapdh,19.954, , ,,,,,,
OST 01.22.026,MAST 459A p1,Cells,Sample 9,hGAPDH,17.962,1.001840593,0.119,NM_8.22.48,,,,,
 , ,,Sample 9,mGapdh,17.929, , ,,,,,,
OST 01.22.027,MAST 586 T,Tumor,Sample 1,hGAPDH,18.328,0.894703442,-0.087,NM_8.22.44,,MAST 586 T - PASSED,OST 01.22.027,2022-09-21,PASSED
 , ,,Sample 1,mGapdh,20.485, , ,,,,,,
OST 01.22.027,MAST 586 S7,Organoids,Sample 2,hGAPDH,16.952,0.830573248,-0.21,NM_8.22.44,,,,,
 , ,,Sample 2,mGapdh,20.41, , ,,,,,,
OST 01.22.027,MAST 586 p1,Cells,Sample 3,hGAPDH,17.061,0.757963481,-0.35,NM_8.22.44,,MAST 586 p1 (OS) - PASSED,OST 01.22.027,2022-10-25,PASSED
 , ,,Sample 3,mGapdh,22.509, , ,,,,,,
,,,,,,,,,,MAST 597 T - PASSED,OST 01.22.029,2022-09-21,PASSED
OST 01.23.030,MAST 597 T,Tumor,Sample 7,hGAPDH,17.599,0.7910373966199209,-0.2864665449616905,NM_08.23.38,,,,,
,,,Sample 7,mGapdh,22.248,,,,,,,,
OST 01.23.030,MAST 597 S7,Organoids,Sample 8,hGAPDH,16.764,0.8557427258805512,-0.1620332194604783,NM_08.23.38,,,,,
,,,Sample 8,mGapdh,19.59,,,,,,,,
OST 01.23.030,MAST 597 p1,Cells,Sample 9,hGAPDH,17.977,0.8846078141915167,-0.1065234342470832,NM_08.23.38,,,,,
,,,Sample 9,mGapdh,20.322,,,,,,,,
OST 01.22.031,MAST 45 T,Tumor,Sample 4,hGAPDH,14.532,0.694878784,-0.471,NM_8.22.48,,,,,
 , ,,Sample 4,mGapdh,20.913, , ,,,,,,
OST 01.22.031,MAST 45 S7,Organoids,Sample 5,hGAPDH,18.034,1.010591202,0.136,NM_8.22.48,,"MAST 45 S7 (OS) - PASSED
[some non-human DNA present]",OST 01.22.031,2022-10-05,PASSED
 , ,,Sample 5,mGapdh,17.845, , ,,,,,,
OST 01.22.031,MAST 45 p1,Cells,Sample 6,hGAPDH,27.264,1.581621998,1.234,NM_8.22.48,,,,,
 , ,,Sample 6,mGapdh,17.238, , ,,,,,,
OST 01.22.032,OS45 T,Tumor,Sample 1,hGAPDH,16.572,0.841218274,-0.19,NM_8.23.02,,,,,
 , ,,Sample 1,mGapdh,19.7, , ,,,,,,
OST 01.22.032,OS45 S7,Organoids,Sample 2,hGAPDH,16.018,0.886441616,-0.103,NM_8.23.02,,OS45 S7 (OS3) - PASSED,OST 01.22.032,2023-01-10,PASSED
 , ,,Sample 2,mGapdh,18.07, , ,,,,,,
OST 01.22.032,OS45 p1,Cells,Sample 3,hGAPDH,24.023,1.485928125,1.05,NM_8.23.02,,OS45 p1 (OS3) - FAILED,OST 01.23.032,2023-01-24,FAILED
 , ,,Sample 3,mGapdh,16.167, , ,,,,,,
OST 01.22.033,MAST 634 T,Tumor,Sample 1,hGAPDH,16.532,0.720066205,-0.423,NM_8.22.48,,,,,
 , ,,Sample 1,mGapdh,22.959, , ,,,,,,
OST 01.22.033,MAST 634 S7,Organoids,Sample 2,hGAPDH,16.795,0.855796178,-0.162,NM_8.22.48,,,,,
 , ,,Sample 2,mGapdh,19.625, , ,,,,,,
OST 01.22.033,MAST 634 p1,Cells,Sample 3,hGAPDH,18.626,0.880495415,-0.114,NM_8.22.48,,,,,
 , ,,Sample 3,mGapdh,21.154, , ,,,MAST 634 p3 (OS3) - PASSED,OST 01.22.033,2023-01-10,PASSED
OST 01.22.035,MAST 470A T,Tumor,Sample 9,hGAPDH,17.453,0.792237857,-0.284,NM_8.22.51,,,,,
 , ,,Sample 9,mGapdh,22.03, , ,,,,,,
OST 01.22.035,MAST 470A S7,Organoids,-,-,-,-,-,NM_8.22.51,,,,,
 , ,,-,-,-,-,-,,,,,,
OST 01.22.035,MAST 470A p1,Cells,Sample 11,hGAPDH,18.027,0.953153915,0.025,NM_8.22.51,,,,,
 , ,,Sample 11,mGapdh,18.913, , ,,,,,,
OST 01.22.036,MAST 470A T,Tumor,Sample 17,hGAPDH,19.396,0.859332772,-0.155,NM_8.22.54,,,,,
 , ,,Sample 17,mGapdh,22.571, , ,,,,,,
OST 01.22.036,MAST 470A S7 (OSB),Organoids,Sample 18,hGAPDH,19.395,1.099614469,0.307,NM_8.22.54,,,,,
 , ,,Sample 18,mGapdh,17.638, , ,,,,,,
OST 01.22.036,MAST 470A S7 (OS3),Organoids,Sample 19,hGAPDH,18.352,1.041839341,0.196,NM_8.22.54,,,,,
 , ,,Sample 19,mGapdh,17.615, , ,,,,,,
OST 01.22.036,MAST 470A S7 (OS7),Organoids,Sample 20,hGAPDH,18.003,0.890400119,-0.095,NM_8.22.54,,,,,
 , ,,Sample 20,mGapdh,20.219, , ,,,,,,
OST 01.22.036,MAST 470A p1 (OSB),Cells,Sample 21,hGAPDH,19.533,1.144087155,0.392,NM_8.22.54,,,,,
 , ,,Sample 21,mGapdh,17.073, , ,,,,,,
OST 01.22.036,MAST 470A p1 (OS3),Cells,Sample 22,hGAPDH,17.963,1.007628878,0.13,NM_8.22.54,,,,,
 , ,,Sample 22,mGapdh,17.827, , ,,,,,,
OST 01.22.036,MAST 470A p1 (OS7),Cells,Sample 23,hGAPDH,18.631,1.012279272,0.139,NM_8.22.54,,,,,
 , ,,Sample 23,mGapdh,18.405, , ,,,,,,
OST 01.22.037,MAST 390 T,Tumor,Sample 1,hGAPDH,16.644,0.791102239,-0.286,NM_8.22.53,,,,,
 , ,,Sample 1,mGapdh,21.039, , ,,,,,,
OST 01.22.037,MAST 390 S7,Organoids,Sample 2,hGAPDH,17.839,0.751558814,-0.362,NM_8.22.53,,MAST 390 S7 (OS) - PASSED,OST 01.22.037,2022-10-25,PASSED
 , ,,Sample 2,mGapdh,23.736, , ,,,,,,
OST 01.22.037,MAST 390 S7 #1,Organoids,Sample 3,hGAPDH,18.406,0.578823233,-0.695,NM_8.22.53,,,,,
 , ,,Sample 3,mGapdh,31.799, , ,,,,,,
OST 01.22.037,MAST 390 S7 #2,Organoids,Sample 4,hGAPDH,18.056,0.571609472,-0.708,NM_8.22.53,,,,,
 , ,,Sample 4,mGapdh,31.588, , ,,,,,,
OST 01.22.037,MAST 390 p1,Cells,Sample 5,hGAPDH,18.195,1.075545309,0.261,NM_8.22.53,,,,,
 , ,,Sample 5,mGapdh,16.917, , ,,,,,,
OST 01.22.037,MAST 390 p1 #1,Cells,Sample 6,hGAPDH,15.932,0.666973668,-0.525,NM_8.22.53,,,,,
 , ,,Sample 6,mGapdh,23.887, , ,,,,,,
OST 01.22.037,MAST 390 p1 #2,Cells,Sample 7,hGAPDH,16.012,0.538779905,-0.772,NM_8.22.53,,,,,
 , ,,Sample 7,mGapdh,29.719, , ,,,,,,
OST 01.22.038,MAST 152 T,Tumor,Sample 12,hGAPDH,34.834,1.928579338,1.901,NM_8.22.51,,,,,
 , ,,Sample 12,mGapdh,18.062, , ,,,,,,
OST 01.22.039,MAST 390 T,Tumor,Sample 7,hGAPDH,17.039,0.806732636,-0.256,NM_8.22.54,,,,,
 , ,,Sample 7,mGapdh,21.121, , ,,,,,,
OST 01.22.039,MAST 390 S7 (OSB),Organoids,Sample 8,hGAPDH,16.913,0.715591284,-0.432,NM_8.22.54,,,,,
 , ,,Sample 8,mGapdh,23.635, , ,,,,,,
OST 01.22.039,MAST 390 S7 (OS3),Organoids,Sample 9,hGAPDH,16.979,0.751183471,-0.363,NM_8.22.54,,,,,
 , ,,Sample 9,mGapdh,22.603, , ,,,,,,
OST 01.22.039,MAST 390 S7 (OS7),Organoids,Sample 10,hGAPDH,missing data,,,NM_8.22.54,,,,,
 , ,,Sample 10,mGapdh,missing data, , ,,,,,,
OST 01.22.040,MAST 389 T,Tumor,Sample 14,hGAPDH,16.359,0.744674071,-0.376,NM_8.22.54,,,,,
 , ,,Sample 14,mGapdh,21.968, , ,,,,,,
OST 01.22.040,MAST 389 S7,Organoids,Sample 15,hGAPDH,17.8,0.899216974,-0.078,NM_8.22.54,,MAST 389 S7 (OS) - PASSED,OST 01.22.040,2022-11-28,PASSED
 , ,,Sample 15,mGapdh,19.795, , ,,,,,,
OST 01.22.040,MAST 389 p1,Cells,Sample 16,hGAPDH,19.74,1.087543386,0.284,NM_8.22.54,,,,,
 , ,,Sample 16,mGapdh,18.151, , ,,,,,,
OST 01.22.041,MAST 389 T,Tumor,Sample 7,hGAPDH,16.482,0.739136284,-0.386,NM_8.22.55,,,,,
 , ,,Sample 7,mGapdh,22.299, , ,,,,,,
OST 01.22.041,MAST 389 S7,Organoids,Sample 8,hGAPDH,17.307,0.864917541,-0.144,NM_8.22.55,,MAST 389 S7 (OS) - PASSED,OST 01.22.041,2022-12-12,PASSED
 , ,,Sample 8,mGapdh,20.01, , ,,,,,,
OST 01.22.041,MAST 389 p1,Cells,Sample 9,hGAPDH,19.228,1.122606259,0.351,NM_8.22.55,,,,,
 , ,,Sample 9,mGapdh,17.128, , ,,,,,,
OST 01.22.042,MAST 634 T,Tumor,Sample 4,hGAPDH,17.331,0.832420749,-0.207,NM_8.22.54,,,,,
 , ,,Sample 4,mGapdh,20.82, , ,,,,,,
OST 01.22.042,MAST634 S7,Organoids,Sample 5,hGAPDH,17.314,0.937412019,-0.005,NM_8.22.54,,MAST 634 S7 (OS3) - PASSED,OST 01.22.042,2023-01-10,PASSED
 , ,,Sample 5,mGapdh,18.47, , ,,,,,,
OST 01.22.042,MAST 634 p1,Cells,Sample 6,hGAPDH,16.627,0.811191882,-0.248,NM_8.22.54,, MAST 634 p1 (OS) - PASSED,OST 01.23.042,2023-02-09,PASSED
 , ,,Sample 6,mGapdh,20.497, , ,,,,,,
OST 01.22.043,MAST 533 T,Tumor,Sample 4,hGAPDH,18.886,0.833414236,-0.205,NM_8.22.55,,,,,
 , ,,Sample 4,mGapdh,22.661, , ,,,,,,
OST 01.22.043,MAST 533 S7,Organoids,Sample 5,hGAPDH,17.099,0.737693602,-0.389,NM_8.22.55,,MAST 553 S7 (OS) - PASSED,OST 01.22.043,2022-11-28,PASSED
 , ,,Sample 5,mGapdh,23.179, , ,,,,,,
OST 01.22.043,MAST 533 p1,Cells,Sample 6,hGAPDH,17.502,0.742270665,-0.38,NM_8.22.55,,MAST 553 p1 (OS3) - PASSED,OST 01.23.043,2023-02-23,PASSED
 , ,,Sample 6,mGapdh,23.579, , ,,,,,,
OST 01.23.044,MAST 553 T,Tumor,Sample 8,hGAPDH,16.647,0.825171012,-0.221,NM_08.23.12,,,,,
 , ,,Sample 8,mGapdh,20.174, , ,,,,,,
OST 01.23.044,MAST 553 T pretreat,Cells,Sample 9,hGAPDH,16.309,0.706384269,-0.449,NM_08.23.12,,,,,
 , ,,Sample 9,mGapdh,23.088, , ,,,,,,
OST 01.23.044,MAST 553 T mouse,Cells,Sample 10,hGAPDH,16.537,0.753291122,-0.359,NM_08.23.12,,,,,
 , ,,Sample 10,mGapdh,21.953, , ,,,,,,
OST 01.23.044,MAST 553 T human,Cells,Sample 11,hGAPDH,15.369,0.514202549,-0.819,NM_08.23.12,,,,,
 , ,,Sample 11,mGapdh,29.889, , ,,,,,,
OST 01.23.044,MAST 553 S7,Orgnoids,Sample 12,hGAPDH,16.426,0.491266898,-0.863,NM_08.23.12,,MAST 553 S7 (OS3) - PASSED,OST 01.23.044,2023-02-23,PASSED
 , ,,Sample 12,mGapdh,33.436, , ,,,,,,
OST 01.23.044,MAST 553 p1,Cells,Sample 13,hGAPDH,-,,,NM_08.23.12,,,,,
 , ,,Sample 13,mGapdh,37.665, , ,,,,,,
OST 01.23.044,MAST 553 p1,Cells,Sample 13,hGAPDH,16.549,0.49989427578915574,-0.8463571619439312,NM_08.23.17,,MAST 553 p1 (OS3) - PASSED,OST 01.23.044,2023-02-23,PASSED
SAMPLE 13 FROM NM_8.23.12,,,Sample 13,mGapdh,33.105,,,,,,,,
OST 01.23.044,MAST 553 p3,Cells,Sample 3,hGAPDH,17.322,0.4771637926285053,-0.8900696295605667,NM_08.23.31,,,,,
,,,Sample 3,mGapdh,36.302,,,,,,,,
OST 01.22.045,MAST 164 T,Tumor,Sample 1,hGAPDH,17.74,0.775214123,-0.317,NM_8.22.55,,,,,
 , ,,Sample 1,mGapdh,22.884, , ,,,,,,
OST 01.22.045,MAST 164 S7,Organoids,Sample 2,hGAPDH,18.792,1.065185353,0.241,NM_8.22.55,,,,,
 , ,,Sample 2,mGapdh,17.642, , ,,,,,,
OST 01.22.045,MAST 164 p1,Cells,Sample 3,hGAPDH,23.029,1.312792156,0.717,NM_8.22.55,,,,,
 , ,,Sample 3,mGapdh,17.542, , ,,,,,,
OST 01.22.046,MAST 164 T,Tumor,Sample 22,hGAPDH,17.084,0.804710316,-0.26,NM_8.23.02,,,,,
 , ,,Sample 22,mGapdh,21.23, , ,,,MAST 164 S7 (OS3) - PASSED,OST 01.22.046,2023-01-10,PASSED
OST 01.22.046,MAST 164 T depleted,Cells,Sample 23,hGAPDH,17.756,0.640363531,-0.576,NM_8.23.02,,,,,
 ,after column,,Sample 23,mGapdh,27.728, , ,,,,,,
OST 01.22.046,MAST 164 Mouse ,Cells,Sample 24,hGAPDH,21.326,1.230724838,0.559,NM_8.23.02,,,,,
 ,after column,,Sample 24,mGapdh,17.328, , ,,,,,,
OST 01.22.046,MAST 164 S7 depleted,Organoids,Sample 25,hGAPDH,20.105,0.744822732,-0.375,NM_8.23.02,,,,,
 , ,,Sample 25,mGapdh,26.993, , ,,,,,,
OST 01.22.047,MAST 470A T,Tumor,Sample 16,hGAPDH,17.107,0.738580433,-0.387,NM_8.22.59,,,,,
 , ,,Sample 16,mGapdh,23.162, , ,,,,,,
OST 01.22.047,MAST 470A S7,Organoids,Sample 17,hGAPDH,17.216,0.766552384,-0.334,NM_8.22.59,,MAST 470A S7 (OS3) - PASSED,OST 01.23.047 ,2023-02-09,PASSED
 , ,,Sample 17,mGapdh,22.459, , ,,,,,,
OST 01.22.047,MAST 470A p1,Cells,Sample 26,hGAPDH,18.325,0.885351242,-0.105,NM_8.23.02,,,,,
 , ,,Sample 26,mGapdh,20.698, , ,,,,,,
OST 01.22.049,MAST 463 T,Tumor,Sample 14,hGAPDH,17.228,0.794429586,-0.28,NM_8.22.59,,,,,
 , ,,Sample 14,mGapdh,21.686, , ,,,,,,
OST 01.22.049,MAST 463 S7,Organoids,Sample 15,hGAPDH,17.779,0.677992602,-0.504,NM_8.22.59,,MAST 463 S7 (OS3) - PASSED,OST 01.22.049,2023-01-10,PASSED
 , ,,Sample 15,mGapdh,26.223, , ,,,,,,
OST 01.23.050,MAST 463 T,Tumor,Sample 16,hGAPDH,18.942,0.912339852,-0.053,NM_8.23.08,,,,,
 , ,,Sample 16,mGapdh,20.762, , ,,,,,,
OST 01.23.050,MAST 463 S7,Organoids,Sample 17,hGAPDH,22.401,1.284976768,0.663,NM_8.23.08,,MAST 463 S7 (OS) - PASSED,OST 01.23.050,2023-01-24,PASSED
 , ,,Sample 17,mGapdh,17.433, , ,,,,,,
OST 01.22.051,MAST 413A T,Tumor,Sample 18,hGAPDH,36.936,1.126200567,0.358,NM_8.22.59,,,,,
 , ,,Sample 18,mGapdh,32.797, , ,,,,,,
OST 01.22.051,MAST 413A S7 (OS3),Organoids,Sample 19,hGAPDH,18.339,1.074907684,0.259,NM_8.22.59,,MAST 413A S7 (OS3) - PASSED,OST 01.23.051,2023-02-23,PASSED
 , ,,Sample 19,mGapdh,17.061, , ,,,,,,
OST 01.23.52,MAST 413A T,Tumor,Sample 13,hGAPDH,19.622,0.937013514,-0.006,NM_8.23.08,,,,,
 , ,,Sample 13,mGapdh,20.941, , ,,,,,,
OST 01.23.52,MAST 413A S7,Organoids,Sample 14,hGAPDH,19.493,1.135426375,0.376,NM_8.23.08,,MAST 413A S7 (OS) - PASSED,OST 01.23.052,2023-01-24,PASSED
 , ,,Sample 14,mGapdh,17.168, , ,,,,,,
OST 01.22.053,MAST 602 T,Tumor,Sample 13,hGAPDH,17.945,0.808879874,-0.252,NM_8.23.02,,,,,
 , ,,Sample 13,mGapdh,22.185, , ,,,,,,
OST 01.22.053,MAST 602 T depletion,Cells,Sample 14,hGAPDH,18.436,0.631305003,-0.594,NM_8.23.02,,MAST 602 S7 (OS3) - depleted - PASSED,OST 01.22.053,2023-01-10,PASSED
 ,before column,,Sample 14,mGapdh,29.203, , ,,,,,,
OST 01.22.053,MAST 602 T Mouse,Cells,Sample 15,hGAPDH,20.546,1.108497437,0.324,NM_8.23.02,,,,,
 ,before column,,Sample 15,mGapdh,18.535, , ,,,,,,
OST 01.22.053,MAST 602 Mouse Depleted,Cells,Sample 16,hGAPDH,19.962,0.706569446,-0.449,NM_8.23.02,,,,,
 ,after column,,Sample 16,mGapdh,28.252, , ,,,,,,
OST 01.22.053,MAST 602 S7 depleted,Organoids,Sample 17,hGAPDH,20.103,0.855155692,-0.163,NM_8.23.02,,,,,
 , ,,Sample 17,mGapdh,23.508, , ,,,,,,
OST 01.23.053,MAST 602 p3,Cells,Sample 14,hGAPDH,38,1.260615711252654,0.616568675485873,NM_08.23.17,,,,,
,,,Sample 14,mGapdh,30.144,,,,,,,,
OST 01.23.054,MAST 602 T,Tumor,Sample 8,hGAPDH,17.724,0.8062960604130652,-0.25712296074410523,NM_08.23.20,,,,,
,,,Sample 8,mGapdh,21.982,,,,,,,,
OST 01.23.054,MAST 602 T human,Cells,Sample 9,hGAPDH,16.769,0.5848155123108042,-0.6830470917099918,NM_08.23.20,,,,,
,,,Sample 9,mGapdh,28.674,,,,,,,,
OST 01.23.054,MAST 602 S7,Organoids,Sample 10,hGAPDH,17.438,0.5596277278562259,-0.7314851387380269,NM_08.23.20,,,,,
,,,Sample 10,mGapdh,31.16,,,,,,,,
OST 01.23.054,MAST 602 p1,Cells,Sample 11,hGAPDH,17.963,0.7629544682296976,-0.3404721764813507,NM_08.23.20,,,,,
,,,Sample 11,mGapdh,23.544,,,,,,,,
OST 01.22.055,MAST 375 T,Tumor,Sample 10,hGAPDH,16.95,0.85005015,-0.173,NM_8.23.02,,,,,
 , ,,Sample 10,mGapdh,19.94, , ,,,,,,
OST 01.22.055,MAST 375 S7,Organoids,Sample 11,hGAPDH,18.996,1.122164461,0.35,NM_8.23.02,,MAST 375 S7 (OS3) - PASSED,OST 01.22.055,2023-01-10,PASSED
 , ,,Sample 11,mGapdh,16.928, , ,,,,,,
OST 01.22.055,MAST 375 p1,Cells,Sample 12,hGAPDH,25.02,1.578449309,1.228,NM_8.23.02,,MAST 375 p1 (OS3) - FAILED,OST 01.23.055,2023-01-24,FAILED
 , ,,Sample 12,mGapdh,15.851, , ,,,,,,
OST 01.22.057,MAST 634 T,Tumor,Sample 7,hGAPDH,16.294,0.753270769,-0.359,NM_8.23.02,,,,,
 , ,,Sample 7,mGapdh,21.631, , ,,,,,,
OST 01.22.057,MAST 634 S7 ,Organoids,Sample 8,hGAPDH,17.476,0.942153216,0.004,NM_8.23.02,,MAST 634 S7 (OS) - PASSED,OST 01.23.057,2023-01-24,PASSED
 , ,,Sample 8,mGapdh,18.549, , ,,,,,,
OST 01.22.057,MAST 634 p1,Cells,Sample 9,hGAPDH,18.144,0.983467939,0.084,NM_8.23.02,,,,,
 , ,,Sample 9,mGapdh,18.449, , ,,,,,,
OST 01.22.059,MAST 244 T,Tumor,Sample 4,hGAPDH,19.125,0.848905855,-0.175,NM_8.23.02,,,,,
 , ,,Sample 4,mGapdh,22.529, , ,,,,,,
OST 01.22.059,MAST 244 S7,Organoids,Sample 5,hGAPDH,17.563,0.898592991,-0.08,NM_8.23.02,,MAST 244 S7 (OS3) - PASSED,OST 01.23.059,2023-02-23,PASSED
 , ,,Sample 5,mGapdh,19.545, , ,,,,,,
OST 01.22.059,MAST 244 p1,Cells,Sample 6,hGAPDH,19.743,1.220813752,0.54,NM_8.23.02,,,,,
 , ,,Sample 6,mGapdh,16.172, , ,,,,,,
OST 01.23.060,MAST 244 T,Tumor,Sample 21,hGAPDH,16.227,0.757138858,-0.352,NM_08.23.12,,,,,
 , ,,Sample 21,mGapdh,21.432, , ,,,,,,
OST 01.23.060,MAST 244 S7,Orgnoids,Sample 22,hGAPDH,15.241,0.7025121,-0.457,NM_08.23.12,,MAST 244 S7 (OS3) - PASSED,OST 01.23.060,2023-02-23,PASSED
 , ,,Sample 22,mGapdh,21.695, , ,,,,,,
OST 01.22.061,MAST 164 T,Tumor,Sample 19,hGAPDH,17.067,0.768160951,-0.33,NM_8.23.02,,,,,
 , ,,Sample 19,mGapdh,22.218, , ,,,,,,
OST 01.22.061,MAST 164 S7,Organoids,Sample 20,hGAPDH,18.1,1.017482714,0.149,NM_8.23.02,,MAST 164 S7 (OS3) - PASSED,OST 01.23.061,2023-01-10,PASSED
 , ,,Sample 20,mGapdh,17.789, , ,,,,,,
OST 01.22.061,MAST 164 p1,Cells,Sample 21,hGAPDH,21.266,1.270825864,0.636,NM_8.23.02,,,,,
 , ,,Sample 21,mGapdh,16.734, , ,,,,,,
OST 01.23.062,MAST 164 T,Tumor,Sample 4,hGAPDH,16.581,0.7371954472701404,-0.39000875524972983,NM_08.23.20,,,,,
,,,Sample 4,mGapdh,22.492,,,,,,,,
OST 01.23.062,MAST 164 T human,Cells,Sample 5,hGAPDH,16.558,0.5929453894359893,-0.6674127126230974,NM_08.23.20,,,,,
,,,Sample 5,mGapdh,27.925,,,,,,,,
OST 01.23.062,MAST 164 S7,Organoids,Sample 6,hGAPDH,17.765,0.6656799190617154,-0.5275386171890087,NM_08.23.20,,MAST 164 S7 (OS3) - PASSED,OST 01.23.062,2023-02-23,PASSED
,,,Sample 6,mGapdh,26.687,,,,,,,,
OST 01.23.062,MAST 164 p1,Cells,Sample 7,hGAPDH,-,,,NM_08.23.20,,,,,
,,,Sample 7,mGapdh,-,,,,,,,,
OST 01.23.062,MAST 164 p1,Cells,Sample 7,hGAPDH,-,,,NM_08.23.24,,,,,
,,,Sample 7,mGapdh,-,,,,,,,,
OST 01.22.063,MAST 390 T,Tumor,Sample 27,hGAPDH,16.59,0.809347253,-0.251,NM_8.23.02,,,,,
 , ,,Sample 27,mGapdh,20.498, , ,,,,,,
OST 01.22.063,MAST 390 S7,Organoids,Sample 28,hGAPDH,16.321,0.781469955,-0.305,NM_8.23.02,,MAST 390 S7 (OS3) - PASSED,OST 01.23.063,2023-01-10,PASSED
 , ,,Sample 28,mGapdh,20.885, , ,,,,,,
OST 01.22.063,MAST 390 p1,Cells,Sample 29,hGAPDH,17.417,0.940798358,0.002,NM_8.23.02,,,,,
 , ,,Sample 29,mGapdh,18.513, , ,,,,,,
OST 01.23.065,MAST 622 T,Tumor,Sample 25,hGAPDH,17.253,0.78597786,-0.296,NM_8.23.08,,,,,
 , ,,Sample 25,mGapdh,21.951, , ,,,,,,
OST 01.23.065,MAST 622 T pretreated,Cells,Sample 26,hGAPDH,17.489,0.813177105,-0.244,NM_8.23.08,,,,,
 , ,,Sample 26,mGapdh,21.507, , ,,,,,,
OST 01.23.065,MAST 622 T human,Cells,Sample 27,hGAPDH,17.169,0.573906939,-0.704,NM_8.23.08,,,,,
 , ,,Sample 27,mGapdh,29.916, , ,,,,,,
OST 01.23.065,MAST 622 S7,Organoids,Sample 28,hGAPDH,17.362,0.528926123,-0.791,NM_8.23.08,,MAST 622 S7 (OS3) - PASSED,OST 01.23.065,2023-01-24,PASSED
 , ,,Sample 28,mGapdh,32.825, , ,,,,,,
OST 01.23.065,MAST 622 p1,Cells,Sample 29,hGAPDH,16.819,0.675570373,-0.509,NM_8.23.08,,,,,
 , ,,Sample 29,mGapdh,24.896, , ,,,,,,
OST 01.23.066,MAST 622 T,Tumor,Sample 12,hGAPDH,18.128,0.8099003708171381,-0.2501915945824267,NM_08.23.20,,,,,
,,,Sample 12,mGapdh,22.383,,,,,,,,
OST 01.23.066,MAST 622 T human,Cells,Sample 13,hGAPDH,17.508,0.6574293117044046,-0.5434051697992219,NM_08.23.20,,,,,
,,,Sample 13,mGapdh,26.631,,,,,,,,
OST 01.23.066,MAST 622 S7,Organoids,Sample 14,hGAPDH,17.253,0.927381208342292,-0.02426690703405377,NM_08.23.20,,MAST 622 S7 (OS3) - PASSED,OST 01.23.066,2023-04-04,PASSED
,,,Sample 14,mGapdh,18.604,,,,,,,,
OST 01.23.066,MAST 622 p1,Cells,Sample 11,hGAPDH,14.659,0.7756084656084657,-0.3161375661375658,NM_08.23.17,,,,,
,,,Sample 11,mGapdh,18.9,,,,,,,,
OST 01.23.067,MAST 229 T,Tumor,Sample 19,hGAPDH,17.785,0.837848024,-0.196,NM_8.23.08,,,,,
 , ,,Sample 19,mGapdh,21.227, , ,,,,,,
OST 01.23.067,MAST 229 T pretreated,Cells,Sample 20,hGAPDH,17.979,0.809390897,-0.251,NM_8.23.08,,,,,
 , ,,Sample 20,mGapdh,22.213, , ,,,,,,
OST 01.23.067,MAST 229 - mouse,Cells,Sample 21,hGAPDH,17.63,0.876111912,-0.123,NM_8.23.08,,,,,
 , ,,Sample 21,mGapdh,20.123, , ,,,,,,
OST 01.23.067,MAST 229 - human,Cells,Sample 22,hGAPDH,17.575,0.618054579,-0.619,NM_8.23.08,,,,,
 , ,,Sample 22,mGapdh,28.436, , ,,,,,,
OST 01.23.067,MAST 229 S7,Organoids,Sample 23,hGAPDH,18.29,0.581373172,-0.69,NM_8.23.08,,MAST 229 S7 (OS3) - PASSED,OST 01.23.067,2023-01-24,PASSED
 , ,,Sample 23,mGapdh,31.46, , ,,,,,,
OST 01.23.067,MAST 229 p1,Cells,Sample 24,hGAPDH,19.112,0.735416346,-0.393,NM_8.23.08,,MAST 229 p1 (OS3) - PASSED,OST 01.23.067 ,2023-02-09,PASSED
 , ,,Sample 24,mGapdh,25.988, , ,,,,,,
OST 01.23.067,MAST 229 p3,Cells,Sample 15,hGAPDH,14.895,0.4408761284593755,-0.9598535991165854,NM_08.23.17,,,,,
,,,Sample 15,mGapdh,33.785,,,,,,,,
OST 01.23.067,OS 229 p2,Cells,Sample 16,hGAPDH,17.441,0.4918361016327797,-0.8618536507061928,NM_08.23.20,,,,,
,,,Sample 16,mGapdh,35.461,,,,,,,,
OST 01.23.067,MAST 229 S7p3T,Tumor,Sample 5,hGAPDH,17.14,0.847969129,-0.177,NM_08.23.33,,,,,
 , ,,Sample 5,mGapdh,20.213, , ,,,,,,
OST 01.23.069,MAST 492D T,Tumor,Sample 16,hGAPDH,15.529,0.731913089,-0.4,NM_08.23.12,,,,,
 , ,,Sample 16,mGapdh,21.217, , ,,,,,,
OST 01.23.069,MAST 492D T mouse,Cells,Sample 17,hGAPDH,16.273,0.73944654,-0.386,NM_08.23.12,,,,,
 , ,,Sample 17,mGapdh,22.007, , ,,,,,,
OST 01.23.069,MAST 492D T human,Cells,Sample 18,hGAPDH,15.617,0.58860998,-0.676,NM_08.23.12,,,,,
 , ,,Sample 18,mGapdh,26.532, , ,,,,,,
OST 01.23.069,MAST 492D S7,Orgnoids,Sample 19,hGAPDH,15.434,0.520188743,-0.807,NM_08.23.12,,,,,
 , ,,Sample 19,mGapdh,29.67, , ,,,,,,
OST 01.23.069,MAST 492D p1,Cells,Sample 20,hGAPDH,18.062,0.624442524,-0.607,NM_08.23.12,,,,,
 , ,,Sample 20,mGapdh,28.925, , ,,,,,,
OST 01.23.071,MAST 470D T,Tumor,Sample 14,hGAPDH,17.799,0.806991295,-0.256,NM_08.23.12,,,,,
 , ,,Sample 14,mGapdh,22.056, , ,,,,,,
OST 01.23.071,MAST 470D S7,Orgnoids,Sample 15,hGAPDH,17.535,1.021139064,0.156,NM_08.23.12,,MAST 492D S7 (OS3) - PASSED,OST 01.23.069 ,2023-02-09,PASSED
 , ,,Sample 15,mGapdh,17.172, , ,,,,,,
OST 01.23.073,MAST 463 T,Tumor,Sample 2,hGAPDH,16.477,0.711872462,-0.439,NM_08.23.12,,,,,
 , ,,Sample 2,mGapdh,23.146, , ,,,,,,
OST 01.23.073,MAST 463 T pretreat,Cells,Sample 3,hGAPDH,17.393,0.774088744,-0.319,NM_08.23.12,,,,,
 , ,,Sample 3,mGapdh,22.469, , ,,,,,,
OST 01.23.073,MAST 463 T mouse,Cells,Sample 4,hGAPDH,17.427,0.813509476,-0.243,NM_08.23.12,,,,,
 , ,,Sample 4,mGapdh,21.422, , ,,,,,,
OST 01.23.073,MAST 463 T human,Cells,Sample 5,hGAPDH,16.848,0.588885005,-0.675,NM_08.23.12,,,,,
 , ,,Sample 5,mGapdh,28.61, , ,,,,,,
OST 01.23.073,MAST 463 S7,Orgnoids,Sample 6,hGAPDH,17.77,0.687693498,-0.485,NM_08.23.12,,,,,
 , ,,Sample 6,mGapdh,25.84, , ,,,,,,
OST 01.23.073,MAST 463 p1,Cells,Sample 7,hGAPDH,17.303,0.952074392,0.023,NM_08.23.12,,,,,
 , ,,Sample 7,mGapdh,18.174, , ,,,,,,
OST 01.23.074,MAST 463 T,Tumor,Sample 1,hGAPDH,18.225,0.8531504540773337,-0.16701835754358893,NM_08.23.20,,,,,
,,,Sample 1,mGapdh,21.362,,,,,,,,
OST 01.23.074,MAST 463 S7,Organoids,Sample 2,hGAPDH,24.281,1.4425499049429658,0.9664421248903188,NM_08.23.20,,,,,
,,,Sample 2,mGapdh,16.832,,,,,,,,
OST 01.23.074,MAST 463 p1,Cells,Sample 3,hGAPDH,32.842,1.9468848183057679,1.9363169582803228,NM_08.23.20,,,,,
,,,Sample 3,mGapdh,16.869,,,,,,,,
OST 01.23.075,OS 45 T,Tumor,Sample 1,hGAPDH,15.549,0.8069437957340807,-0.25587731589599855,NM_08.23.17,,,,,
,,,Sample 1,mGapdh,19.269,,,,,,,,
OST 01.23.075,OS 45 S7,Organoids,Sample 2,hGAPDH,15.94,0.667699912034516,-0.5236540153182384,NM_08.23.17,,,,,
,,,Sample 2,mGapdh,23.873,,,,,,,,
OST 01.23.077,MAST 413B T,Tumor,Sample 3,hGAPDH,14.878,0.7307824549339358,-0.40234143281935414,NM_08.23.17,,,,,
,,,Sample 3,mGapdh,20.359,,,,,,,,
OST 01.23.077,MAST 413B S7,Organoids,Sample 4,hGAPDH,14.48,0.7957355608067265,-0.27743161383321824,NM_08.23.17,,MAST 413B S7 (OS3) thawed - PASSED,OST 01.23.077,2023-04-04,PASSED - trisomy at one locus
,,,Sample 4,mGapdh,18.197,,,,,,,,
OST 01.23.077,MAST 413B p1,Cells,Sample 5,hGAPDH,14.819,0.6635472171226438,-0.5316399670718388,NM_08.23.17,,,,,
,,,Sample 5,mGapdh,22.333,,,,,,,,
OST 01.23.077,MAST 413B p3,Cells,Sample 4,hGAPDH,15.812,0.6463110566114858,-0.5647864295932964,NM_08.23.31,,MAST 413B p2 (OS3) - PASSED,OST 01.23.077,2023-05-10,PASSED
,,,Sample 4,mGapdh,24.465,,,,,,,,
OST 01.23.079,MAST 117 T,Tumor,Sample 12,hGAPDH,15.275,0.7024926416482709,-0.4567449199071713,NM_08.23.17,,,,,
,,,Sample 12,mGapdh,21.744,,,,,,,,
OST 01.23.079,MAST 117 S7,Organoids,Sample 13,hGAPDH,17.571,0.9404303147077714,0.0008275282841758456,NM_08.23.17,,,,,
,,,Sample 13,mGapdh,18.684,,,,,,,,
OST 01.23.081,MAST 622 T,Tumor,Sample 6,hGAPDH,15.319,0.7451962835044025,-0.3746225317223028,NM_08.23.17,,,,,
,,,Sample 6,mGapdh,20.557,,,,,,,,
OST 01.23.081,MAST 622 T-human,Cells,Sample 8,hGAPDH,15.622,0.5525217514324113,-0.7451504780145934,NM_08.23.17,,MAST 622 S7 (OS3) - PASSED,OST 01.23.081,2023-04-04,PASSED
,,,Sample 8,mGapdh,28.274,,,,,,,,
OST 01.23.081,MAST 622 S7,Organoids,Sample 10,hGAPDH,15.728,0.5623167679656775,-0.7263139077583123,NM_08.23.17,,,,,
,,,Sample 10,mGapdh,27.97,,,,,,,,
OST 01.23.081,MAST 622 p1,Cells,Sample 15,hGAPDH,16.094,0.6957762310319485,-0.46966109416932966,NM_08.23.20,,,,,
,,,Sample 15,mGapdh,23.131,,,,,,,,
OST 01.23.083,MAST 352 T,Tumor,Sample 8,hGAPDH,18.507,0.8444900752908967,-0.18367293213289085,NM_08.23.24,,,,,
,,,Sample 8,mGapdh,21.915,,,,,,,,
OST 01.23.083,MAST 352 S7,Organoids,Sample 9,hGAPDH,16.605,0.8585832471561531,-0.15657067854585935,NM_08.23.24,,MAST 352 S7 (OS3) - PASSED,OST 01.23.083,2023-04-04,PASSED
,,,Sample 9,mGapdh,19.34,,,,,,,,
OST 01.23.083,MAST 352 p1,Cells,Sample 10,hGAPDH,17.611,0.8537424859414389,-0.16587983472800208,NM_08.23.24,,,,,
,,,Sample 10,mGapdh,20.628,,,,,,,,
OST 01.23.083,MAST 352 S7 post thaw 7 days,Cells,Sample 5,hGAPDH,18.723,1.0063423810803547,0.12758150207760524,NM_08.23.31,,,,,
,,,Sample 5,mGapdh,18.605,,,,,,,,
OST 01.23.085,MAST 492A T,Tumor,Sample 11,hGAPDH,17.224,0.8941029900332226,-0.0882634807053411,NM_08.23.24,,,,,
,,,Sample 11,mGapdh,19.264,,,,,,,,
OST 01.23.085,MAST 492A T human,Cells,Sample 12,hGAPDH,17.566,0.687111284959906,-0.4863244520001806,NM_08.23.24,,,,,
,,,Sample 12,mGapdh,25.565,,,,,,,,
OST 01.23.085,MAST 492A S7,Organoids,Sample 13,hGAPDH,17.773,0.6298908420754181,-0.5963637652395805,NM_08.23.24,,,,,
,,,Sample 13,mGapdh,28.216,,,,,,,,
OST 01.23.087,MAST 389 T,Tumor,Sample 20,hGAPDH,13.186,0.7141851270107783,-0.4342593711331185,NM_08.23.28,,,,,
,,,Sample 20,mGapdh,18.463,,,,,,,,
OST 01.23.087,MAST 389 T human,Cells,Sample 21,hGAPDH,-,,,NM_08.23.28,,,,,
,,,Sample 21,mGapdh,34.36,,,,,,,,
OST 01.23.087,MAST 389 S7,Organoids,Sample 22,hGAPDH,14.763,0.5181272593268522,-0.8112937320637456,NM_08.23.28,,,,,
,,,Sample 22,mGapdh,28.493,,,,,,,,
OST 01.23.087,MAST 389 p1,Cells,Sample 23,hGAPDH,18.621,0.9033181333074608,-0.07054205133180605,NM_08.23.28,,,,,
,,,Sample 23,mGapdh,20.614,,,,,,,,
OST 01.23.087,MAST 389 S7 post thaw 7 days,Cells,Sample 6,hGAPDH,23.232,0.7531852812449343,-0.3592590745289723,NM_08.23.31,,,,,
,,,Sample 6,mGapdh,30.845,,,,,,,,
OST 01.23.089,OS 39 T,Tumor,Sample 24,hGAPDH,18.206,0.9149663282741984,-0.04814167639577213,NM_08.23.28,,,,,
,,,Sample 24,mGapdh,19.898,,,,,,,,
OST 01.23.089,OS 39 T human,Tumor,Sample 25,hGAPDH,17.677,0.7004953437685754,-0.4605858773681242,NM_08.23.28,,,,,
,,,Sample 25,mGapdh,25.235,,,,,,,,
OST 01.23.089,OS 39 S7,Organoids,Sample 26,hGAPDH,17.108,0.6852793911476067,-0.4898473247161408,NM_08.23.28,,OS39 S7 (OS3) - PASSED,OST 01.23.089,2023-05-10,PASSED
,,,Sample 26,mGapdh,24.965,,,,,,,,
OST 01.23.089,OS 39 p1,Cells,Sample 27,hGAPDH,17.403,0.6061439866253352,-0.6420307949512783,NM_08.23.28,,,,,
,,,Sample 27,mGapdh,28.711,,,,,,,,
OST 01.23.090,OS39 T,Tumor,Sample 23,hGAPDH,17.18,0.8425285665244471,-0.1874450643760632,NM_08.23.32,,,,,
,,,Sample 23,mGapdh,20.391,,,,,,,,
OST 01.23.090,OS39 T human,Cells,Sample 24,hGAPDH,-,,,NM_08.23.32,,,,,
,,,Sample 24,mGapdh,33.246,,,,,,,,
OST 01.23.090,OS39 S7,Organoids,Sample 25,hGAPDH,16.429,0.6603826674169949,-0.5377256395827019,NM_08.23.32,,,,,
,,,Sample 25,mGapdh,24.878,,,,,,,,
OST 01.23.090,OS39 p1,Cells,Sample 26,hGAPDH,17.451,0.6441860465116279,-0.5688729874776385,NM_08.23.32,,,,,
,,,Sample 26,mGapdh,27.09,,,,,,,,
OST 01.23.092,MAST 141 T,Tumor,Sample 13,hGAPDH,16.317,0.7603448275862069,-0.3454907161803712,NM_08.23.32,,,,,
,,,Sample 13,mGapdh,21.46,,,,,,,,
OST 01.23.092,MAST 141 T human,Cells,Sample 14,hGAPDH,16.745,0.645876726066497,-0.5656216806413518,NM_08.23.32,,,,,
,,,Sample 14,mGapdh,25.926,,,,,,,,
OST 01.23.092,MAST 141 S7,Organoids,Sample 15,hGAPDH,15.298,0.5506839452843773,-0.7486847206069667,NM_08.23.32,,,,,
,,,Sample 15,mGapdh,27.78,,,,,,,,
OST 01.23.092,MAST 141 p1,Cells,Sample 16,hGAPDH,17.085,0.6698949184441656,-0.5194328491458353,NM_08.23.32,,MAST 141 p1 (OS3) - PASSED,OST 01.23.092,2023-05-10,PASSED
,,,Sample 16,mGapdh,25.504,,,,,,,,
OST 01.23.093,MAST 152 T,Tumor,Sample 14,hGAPDH,18.132,0.7846633200623161,-0.29872438449554584,NM_08.23.24,,,,,
,,,Sample 14,mGapdh,23.108,,,,,,,,
OST 01.23.093,MAST 152 S7,Organoids,Sample 1,hGAPDH,17.355,0.9717789349907608,0.061113336520694034,NM_08.23.31,,,,,
,,,Sample 1,mGapdh,17.859,,,,,,,,
OST 01.23.093,MAST 152 p1,Cells,Sample 2,hGAPDH,24.678,1.5157545605306801,1.1072203087128465,NM_08.23.31,,,,,
,,,Sample 2,mGapdh,16.281,,,,,,,,
OST 01.23.095,MAST 229 T,Tumor,Sample 1,hGAPDH,17.72,0.840567336,-0.191,NM_08.23.33,,,,,
 , ,,Sample 1,mGapdh,21.081, , ,,,,,,
OST 01.23.095,MAST 229 T human,Cells,Sample 2,hGAPDH,17.944,0.632031278,-0.592,NM_08.23.33,,,,,
 , ,,Sample 2,mGapdh,28.391, , ,,,,,,
OST 01.23.095,MAST 229 S7,Organoids,Sample 3,hGAPDH,18.04,0.623186403,-0.609,NM_08.23.33,,,,,
 , ,,Sample 3,mGapdh,28.948, , ,,,,,,
OST 01.23.095,MAST 229 p1,Cells,Sample 4,hGAPDH,19.159,0.690812721,-0.479,NM_08.23.33,,MAST 229 p1 (OS3) - PASSED,OST 01.23.095,2023-05-10,PASSED
 , ,,Sample 4,mGapdh,27.734, , ,,,,,,
OST 01.23.097,MAST 622 T,Tumor,Sample 9,hGAPDH,16.16,0.7334452866155312,-0.39722060266243986,NM_08.23.32,,,,,
,,,Sample 9,mGapdh,22.033,,,,,,,,
OST 01.23.097,MAST 622 T human,Cells,Sample 10,hGAPDH,16.282,0.5864217540068432,-0.6799581653714554,NM_08.23.32,,,,,
,,,Sample 10,mGapdh,27.765,,,,,,,,
OST 01.23.097,MAST 622 S7,Organoids,Sample 11,hGAPDH,17.333,0.6026982857540247,-0.6486571427807215,NM_08.23.32,,,,,
,,,Sample 11,mGapdh,28.759,,,,,,,,
OST 01.23.097,MAST 622 p1,Cells,Sample 12,hGAPDH,15.707,0.8574626050878916,-0.15872575944636214,NM_08.23.32,,,,,
,,,Sample 12,mGapdh,18.318,,,,,,,,
OST 01.23.099,MAST 459D T,Tumor,Sample 17,hGAPDH,16.424,0.735413961402409,-0.3934346896107518,NM_08.23.32,,,,,
,,,Sample 17,mGapdh,22.333,,,,,,,,
OST 01.23.099,MAST 459D T human,Cells,Sample 18,hGAPDH,16.255,0.5993510563769773,-0.6550941223519666,NM_08.23.32,,,,,
,,,Sample 18,mGapdh,27.121,,,,,,,,
OST 01.23.099,MAST 459D S7,Organoids,Sample 19,hGAPDH,17.464,0.6787143912012746,-0.5024723246129332,NM_08.23.32,,"MAST 459D S7 (OS3) - FAILED
Sample has multiple tri-alleles at different loci. Need to check with Brittney about this.",OST 01.23.099,2023-05-10,PASSED
,,,Sample 19,mGapdh,25.731,,,,,,,,
OST 01.23.100,MAST 459D T,Tumor,Sample 10,hGAPDH,16.841,0.780832715,-0.306,NM_08.23.40,,,,,
 , ,,Sample 10,mGapdh,21.568, , ,,,,,,
OST 01.23.100,MAST 459D T human,Cells,Sample 11,hGAPDH,15.455,0.54374978,-0.762,NM_08.23.40,,,,,
 , ,,Sample 11,mGapdh,28.423, , ,,,,,,
OST 01.23.100,MAST 549D S7,Organoids,Sample 12,hGAPDH,17.955,0.596571087,-0.66,NM_08.23.40,,,,,
 , ,,Sample 12,mGapdh,30.097, , ,,,,,,
OST 01.23.101,MAST 115 T,Tumor,Sample 20,hGAPDH,19.146,0.8505930960948954,-0.17193635366366256,NM_08.23.32,,,,,
,,,Sample 20,mGapdh,22.509,,,,,,,,
OST 01.23.101,MAST 115 T human,Cells,Sample 21,hGAPDH,24.088,0.9548878141599937,0.028630411846141807,NM_08.23.32,,,,,
,,,Sample 21,mGapdh,25.226,,,,,,,,
OST 01.23.101,MAST 115 S7,Organoids,Sample 22,hGAPDH,34.14,1.6092387461701627,1.2869975887887746,NM_08.23.32,,,,,
,,,Sample 22,mGapdh,21.215,,,,,,,,
OST 01.23.103,OS 39 T,Tumor,Sample 10,hGAPDH,18.906,0.9138631090487239,-0.05026325182937697,NM_08.23.38,,,,,
,,,Sample 10,mGapdh,20.688,,,,,,,,
OST 01.23.103,OS 39 T human,Cells,Sample 11,hGAPDH,18.099,0.6971074221006818,-0.4671011113448426,NM_08.23.38,,,,,
,,,Sample 11,mGapdh,25.963,,,,,,,,
OST 01.23.103,OS 39 S7,Organoids,Sample 12,hGAPDH,18.146,0.6415868189371707,-0.5738715020439024,NM_08.23.38,,,,,
,,,Sample 12,mGapdh,28.283,,,,,,,,
OST 01.23.103,OS 39 p1,Cells,Sample 13,hGAPDH,18.789,0.6159318144566465,-0.6232080491218336,NM_08.23.38,,,,,
,,,Sample 13,mGapdh,30.505,,,,,,,,
OST 01.23.105,MAST 597 T,Tumor,Sample 14,hGAPDH,16.411,0.721711597,-0.42,NM_08.23.40,,,,,
 , ,,Sample 14,mGapdh,22.739, , ,,,,,,
OST 01.23.105,MAST 597 T human,Cells,Sample 15,hGAPDH,15.633,0.575165563,-0.702,NM_08.23.40,,,,,
 , ,,Sample 15,mGapdh,27.18, , ,,,,,,
OST 01.23.105,MAST 597 S7,Organoids,Sample 16,hGAPDH,16.59,0.613807903,-0.627,NM_08.23.40,,,,,
 , ,,Sample 16,mGapdh,27.028, , ,,,,,,
OST 01.23.105,MAST 597 p1,Cells,Sample 17,hGAPDH,15.876,0.733505821,-0.397,NM_08.23.40,,,,,
 , ,,Sample 17,mGapdh,21.644, , ,,,,,,
