Experiment #,Sample Name,Type,Sample Name.1,Target Name,Mean Equivalent Cq,Human/Mouse Ratio (Ct),Mouse Contamination,Nm Exp#,Sample Name_2,Exp#,Ppx Submission Date,Ppx Result
NBL 01.21.001,Mast 3 T,Tumor,Sample 1,hGAPDH,18.096,0.7963737182590327,-0.2762043879633986,NM_08.22.23,,,,
,,,Sample 1,mGapdh,22.723,,,,,,,
NBL 01.21.001,Mast 3 S7 (Nbl),Organoids,Sample 2,hGAPDH,17.577,0.8957802466619101,-0.08503798718863424,NM_08.22.23,MAST 3 S7 (NBL),NBL 01.21.001,2022-08-24,PASSED
,,,Sample 2,mGapdh,19.622,,,,,,,
NBL 01.21.001,Mast 3 P1 (Nbl),Cells,Sample 3,hGAPDH,18.194,1.0028662771469519,0.12089668682106139,NM_08.22.23,,,,
,,,Sample 3,mGapdh,18.142,,,,,,,
NBL 01.22.001,Mast 3 S7P3T,Tumor,Sample 16,hGAPDH,17.94,0.790935544,-0.287,NM_8.22.35,MAST 3 S7P3T (NBL) - PASSED,NBL 01.21.001,2022-09-21,PASSED
,,,Sample 16,mGapdh,22.682, , ,,,,,
NBL 01.22.002,,,,,,,,,MAST 3 p1 (NBL) - PASSED,NBL 01.21.002,2022-10-25,PASSED
NBL 01.21.003,Mast 109 T,Tumor,Sample 4,hGAPDH,17.352,0.7780119266466394,-0.31151552567953944,NM_08.22.23,,,,
,,,Sample 4,mGapdh,22.303,,,,,,,
NBL 01.21.003,Mast 109 S7 (Nbl),Organoids,Sample 5,hGAPDH,17.488,0.6762306175321913,-0.5072488124380936,NM_08.22.23,MAST 109 S7 (NBL),NBL 01.21.003,2022-08-24,PASSED
,,,Sample 5,mGapdh,25.861,,,,,,,
NBL 01.21.003,Mast 109 P0 (Nbl),Cells,Sample 6,hGAPDH,17.542,0.6441922808563769,-0.5688609983531212,NM_08.22.23,,,,
,,,Sample 6,mGapdh,27.231,,,,,,,
NBL 01.21.003,Mast 109 P1 (Nbl),Cells,Sample 7,hGAPDH,17.638,0.6304915102770331,-0.5952086340826286,NM_08.22.23,MAST 109 p1 (NBL),NBL 01.21.003,2022-08-24,PASSED
,,,Sample 7,mGapdh,27.975,,,,,,,
NBL 01.21.003,Mast 109 S7P3T,Tumor,Sample 17,hGAPDH,17.735,0.787417307,-0.293,NM_8.22.35,,,,
,,,Sample 17,mGapdh,22.523, , ,,,,,
NBL 01.23.004,Mast 109 T,Tumor,Sample 30,hGAPDH,16.078,0.6564592520006532,-0.5452706692295128,NM_08.23.20,,,,
,,,Sample 30,mGapdh,24.492,,,,,,,
NBL 01.23.004,Mast 109 S7,Organoids,Sample 31,hGAPDH,17.359,0.7301059892328399,-0.40364232839838476,NM_08.23.20,,,,
,,,Sample 31,mGapdh,23.776,,,,,,,
,,,,,,,,,MAST 109 p3 (NBL) - PASSED,NBL 01.22.004,2022-10-25,PASSED
NBL 01.22.005,Mast 501A T,Tumor,Sample 24,hGAPDH,17.834,0.7888358103326256,-0.29070036474495065,NM_08.22.24,,,,
,,,Sample 24,mGapdh,22.608,,,,,,,
NBL 01.22.005,Mast 501A S7,Organoids,Sample 14,hGAPDH,17.026,0.692761525,-0.475,NM_8.22.35,MAST 501A S7 (NBL) - PASSED,NBL 01.22.005,2022-07-11,PASSED
,,,Sample 14,mGapdh,24.577, , ,,,,,
NBL 01.22.005,Mast 501A P1,Cells,Sample 15,hGAPDH,18.297,0.861440678,-0.151,NM_8.22.35,MAST 501A p1 (NBL) - PASSED,NBL 01.22.005,2022-09-21,PASSED
,,,Sample 15,mGapdh,21.24, , ,,MAST 501A p3 (NBL) - PASSED,NBL 01.22.005,2022-10-25,PASSED
NBL 01.22.006 ,Mast 501A T,Tumor,Sample 10,hGAPDH,17.563,0.77138967,-0.324,NM_8.22.38,,,,
 ,,,Sample 10,mGapdh,22.768, , ,,,,,
NBL 01.22.006 ,Mast 501A S7,Spheroid,Sample 11,hGAPDH,15.987,0.63372577,-0.589,NM_8.22.38,MAST 501A S7 (NBL) - PASSED,NBL 01.22.006,2022-09-21,PASSED
 ,,,Sample 11,mGapdh,25.227, , ,,,,,
NBL 01.22.006 ,Mast 501A P1,Cells,Sample 12,hGAPDH,16.456,0.724263897,-0.415,NM_8.22.38,MAST 501A p1 (NBL) - PASSED,NBL 01.22.006,2022-09-21,PASSED
 ,,,Sample 12,mGapdh,22.721, , ,,,,,
NBL 01.23.006,Mast 501A S7P3T,Tumor,Sample 33,hGAPDH,17.992,0.858806683,-0.156,NM_8.23.08,,,,
 ,,,Sample 33,mGapdh,20.95, , ,,,,,
,,,,,,,,,MAST 501A p1 (NBL) - PASSED,NBL 01.22.011,2022-10-05,PASSED
NBL 01.23.007,Mast 630A T,Tumor,Sample 44,hGAPDH,15.644,0.7499520613614573,-0.36547680507412045,NM_08.23.17,,,,
,,,Sample 44,mGapdh,20.86,,,,,,,
NBL 01.23.007,Mat 630A S7,Organoids,Sample 45,hGAPDH,16.966,0.6583624369421809,-0.5416106981881136,NM_08.23.17,MAST 630A S7 (NBL) - PASSED,NBL 01.22.007,2022-09-21,PASSED
,,,Sample 45,mGapdh,25.77,,,,,,,
NBL 01.22.008,Mast 630A T,Tumor,Sample 13,hGAPDH,19.628,0.897362045,-0.082,NM_8.22.51,,,,
 ,,,Sample 13,mGapdh,21.873, , ,,,,,
NBL 01.22.008,Mast 630A S7,Organoids,Sample 14,hGAPDH,17.178,0.67808787,-0.504,NM_8.22.51,MAST 630A S7 (NBL) - PASSED,NBL 01.22.008,2022-10-25,PASSED
 ,,,Sample 14,mGapdh,25.333, , ,,,,,
NBL 01.22.008,Mast 630A P1,Cells,Sample 15,hGAPDH,17.25,0.738378563,-0.388,NM_8.22.51,,,,
 ,,,Sample 15,mGapdh,23.362, , ,,,,,
NBL 01.22.009 ,Mast 97 T,Tumor,Sample 7,hGAPDH,17.038,0.706472613,-0.449,NM_8.22.38,,,,
 ,,,Sample 7,mGapdh,24.117, , ,,,,,
NBL 01.22.009 ,Mast 97 S7,Spheroid,Sample 8,hGAPDH,17.17,0.722947368,-0.417,NM_8.22.38,MAST 97 S7 (NBL) - PASSED,NBL 01.22.009,2022-09-21,PASSED
 ,,,Sample 8,mGapdh,23.75, , ,,,,,
NBL 01.22.009 ,Mast 97 P1,Cells,Sample 9,hGAPDH,16.613,0.66486573,-0.529,NM_8.22.38,,,,
 ,,,Sample 9,mGapdh,24.987, , ,,MAST 97 p2 (NBL) - PASSED,NBL 01.22.009,2022-10-25,PASSED
NBL 01.23.009,Mast 97 S7P3T,Tumor,Sample 34,hGAPDH,19.662,0.908595194,-0.06,NM_8.23.08,,,,
 ,,,Sample 34,mGapdh,21.64, , ,,,,,
NBL 01.22.010,Mast 97 T,Tumor,Sample 29,hGAPDH,16.349,0.721014333,-0.421,NM_08.23.12,,,,
 ,,,Sample 29,mGapdh,22.675, , ,,,,,
NBL 01.22.010,Mast 97 S7,Orgnoids,Sample 30,hGAPDH,15.188,0.638876036,-0.579,NM_08.23.12,MAST 97 S7 (NBL) - PASSED,NBL 01.22.010,2022-12-12,PASSED
 ,,,Sample 30,mGapdh,23.773, , ,,,,,
NBL 01.22.010,Mast 97 P1,Cells,Sample 31,hGAPDH,14.636,0.687911262,-0.485,NM_08.23.12,MAST 97 p1 (NBL) - PASSED,NBL 01.22.010,2022-12-12,PASSED
 ,,,Sample 31,mGapdh,21.276, , ,,,,,
NBL 01.23.010,Mast 97 P3,Cells,Sample 23,hGAPDH,16.492,0.7031336602003838,-0.4555121919223387,NM_08.23.31,,,,
,,,Sample 23,mGapdh,23.455,,,,,,,
NBL 01.22.013,Mast 465B T,Tumor,Sample 7,hGAPDH,17.208,0.715539108,-0.432,NM_8.22.46,,,,
 ,,,Sample 7,mGapdh,24.049, , ,,,,,
NBL 01.22.013,Mast 465B S7,Organoids,Sample 8,hGAPDH,16.995,0.604073363,-0.646,NM_8.22.46,MAST 465B S7 (NBL) - PASSED,NBL 01.22.013,2022-10-05,PASSED
 ,,,Sample 8,mGapdh,28.134, , ,,,,,
NBL 01.22.013,Mast 465B P1,Cells,Sample 9,hGAPDH,16.925,0.625924556,-0.604,NM_8.22.46,MAST 465B p1 (NBL) - PASSED,NBL 01.23.013 ,2023-02-09,PASSED
 ,,,Sample 9,mGapdh,27.04, , ,,,,,
NBL 01.23.013,Mast 465B P3,Cells,Sample 26,hGAPDH,19.042,0.7946417393481617,-0.2795351166381504,NM_08.23.31,,,,
,,,Sample 26,mGapdh,23.963,,,,,,,
NBL 01.23.014,Mast 287 T,Tumor,Sample 1,hGAPDH,16.43,0.765967365967366,-0.33467814237044985,NM_08.23.38,,,,
,,,Sample 1,mGapdh,21.45,,,,,,,
NBL 01.23.014,Mast 287 S7,Organoids,Sample 2,hGAPDH,18.072,0.9383664780102808,-0.003141388441767521,NM_08.23.38,MAST 287 S7 (NBL) - PASSED,NBL 01.23.014,2023-05-10,PASSED
,,,Sample 2,mGapdh,19.259,,,,,,,
NBL 01.23.014,Mast 287 P1,Cells,Sample 3,hGAPDH,20.996,1.1907894736842104,0.4822874493927124,NM_08.23.38,,,,
,,,Sample 3,mGapdh,17.632,,,,,,,
NBL 01.23.015,Mast 532 T,Tumor,Sample 11,hGAPDH,17.834,0.828332559,-0.215,NM_8.23.11,,,,
 ,,,Sample 11,mGapdh,21.53, , ,,,,,
NBL 01.23.015,Mast 532 S7,Organoids,Sample 12,hGAPDH,17.056,0.801654446,-0.266,NM_8.23.11,MAST 532 S7 (NBL) - PASSED,NBL 01.22.015,2022-10-05,PASSED
 ,,,Sample 12,mGapdh,21.276, , ,,,,,
NBL 01.23.015,Mast 532 P1,Cells,Sample 13,hGAPDH,25.277,1.177646291,0.457,NM_8.23.11,,,,
 ,,,Sample 13,mGapdh,21.464, , ,,,,,
NBL 01.23.016,Mast 532 T,Tumor,Sample 14,hGAPDH,16.964,0.78839987,-0.292,NM_8.23.11,,,,
 ,,,Sample 14,mGapdh,21.517, , ,,,,,
NBL 01.23.016,Mast 532 S7,Organoids,Sample 15,hGAPDH,18.164,1.023323944,0.16,NM_8.23.11,MAST 532 S7 (NBL) - PASSED,NBL 01.23.016,2023-01-24,PASSED
 ,,,Sample 15,mGapdh,17.75, , ,,,,,
NBL 01.23.016,Mast 532 P1,Cells,Sample 16,hGAPDH,29.461,1.465138253,1.01,NM_8.23.11,,,,
 ,,,Sample 16,mGapdh,20.108, , ,,,,,
NBL 01.23.017,Mast 191B T,Tumor,Sample 17,hGAPDH,17.052,0.775584463,-0.316,NM_8.23.11,,,,
 ,,,Sample 17,mGapdh,21.986, , ,,,,,
NBL 01.23.017,Mast 191B S7,Organoids,Sample 18,hGAPDH,17.806,0.63615577,-0.584,NM_8.23.11,MAST 191B S7 (NBL) - PASSED,NBL 01.22.017,2022-11-28,PASSED
 ,,,Sample 18,mGapdh,27.99, , ,,,,,
NBL 01.23.017,Mast 191B P1,Cells,Sample 19,hGAPDH,16.92,0.63068436,-0.595,NM_8.23.11,MAST 191B p1 (NBL) - PASSED,NBL 01.23.017 ,2023-02-09,PASSED
 ,,,Sample 19,mGapdh,26.828, , ,,,,,
NBL 01.23.017,Mast 191B P3,Cells,Sample 24,hGAPDH,16.879,0.6532120743034057,-0.5515152417242197,NM_08.23.31,,,,
,,,Sample 24,mGapdh,25.84,,,,,,,
NBL 01.23.018,Mast 191B T,Tumor,Sample 15,hGAPDH,18.501,0.9394231745709354,-0.001109279671278009,NM_08.23.28,,,,
,,,Sample 15,mGapdh,19.694,,,,,,,
NBL 01.23.018,Mast 191B S7,Organoids,Sample 16,hGAPDH,19.874,0.7554643250845783,-0.35487629791427244,NM_08.23.28,,,,
,,,Sample 16,mGapdh,26.307,,,,,,,
NBL 01.23.018,Mast 191B P1,Cells,Sample 17,hGAPDH,16.708,0.6178765578196072,-0.6194681580392168,NM_08.23.28,"MAST 191B p1 (NBL) - PASSED
one tri-allele but passes QC",NBL 01.23.018,2023-05-10,PASSED
,,,Sample 17,mGapdh,27.041,,,,,,,
NBL 01.23.018,Mast 191B P3,Cells,Sample 9,hGAPDH,16.743,0.585174053,-0.682,NM_08.23.33,,,,
 ,,,Sample 9,mGapdh,28.612, , ,,,,,
NBL 01.22.019,Mast 503 T,Tumor,Sample 1,hGAPDH,17.054,0.762735364,-0.341,NM_8.22.64,,,,
 ,,,Sample 1,mGapdh,22.359, , ,,,,,
NBL 01.22.019,Mast 503 S7,Organoids,Sample 2,hGAPDH,17.14,0.832362082,-0.207,NM_8.22.64,MAST 503 S7 (NBL) - PASSED,NBL 01.22.019,2023-01-24,PASSED
 ,,,Sample 2,mGapdh,20.592, , ,,,,,
NBL 01.22.019,Mast 503 P1,Cells,Sample 3,hGAPDH,21.044,1.137575004,0.38,NM_8.22.64,MAST 503 p1 (NBL) - PASSED,NBL 01.22.019,2023-01-24,PASSED
 ,,,Sample 3,mGapdh,18.499, , ,,,,,
NBL 01.22.021,Mast 394C T,Tumor,Sample 4,hGAPDH,16.408,0.784546237,-0.299,NM_8.22.64,,,,
 ,,,Sample 4,mGapdh,20.914, , ,,,,,
NBL 01.22.021,Mast 394C S7,Organoids,Sample 5,hGAPDH,17.752,0.766063954,-0.334,NM_8.22.64,MAST 394C S7 (NBL) - PASSED,NBL 01.22.021,2022-12-12,PASSED
 ,,,Sample 5,mGapdh,23.173, , ,,,,,
NBL 01.22.021,Mast 394C P1,Cells,Sample 6,hGAPDH,17.847,0.858317703,-0.157,NM_8.22.64,,,,
 ,,,Sample 6,mGapdh,20.793, , ,,,,,
NBL 01.23.022,Mast 394C T,Tumor,Sample 23,hGAPDH,17.4,0.772372159,-0.322,NM_08.23.12,,,,
 ,,,Sample 23,mGapdh,22.528, , ,,,,,
NBL 01.23.022,Mast 394C S7,Orgnoids,Sample 24,hGAPDH,16.733,0.729901854,-0.404,NM_08.23.12,MAST 394C S7 (NBL) - PASSED,NBL 01.23.022 ,2023-02-09,PASSED
 ,,,Sample 24,mGapdh,22.925, , ,,,,,
NBL 01.23.022,Mast 394C P1,Cells,Sample 25,hGAPDH,17.594,0.921875819,-0.035,NM_08.23.12,,,,
 ,,,Sample 25,mGapdh,19.085, , ,,,,,
NBL 01.22.023,Mast 448 T,Tumor,Sample 8,hGAPDH,16.463,0.731331349,-0.401,NM_8.23.11,,,,
 ,Mast 448?,,Sample 8,mGapdh,22.511, , ,,,,,
NBL 01.22.023,Mast 448 S7,Organoids,Sample 9,hGAPDH,16.816,0.662542847,-0.534,NM_8.23.11,MAST 448 S7 (NBL) - PASSED,NBL 01.23.023,2023-01-24,PASSED
 ,Mast 448?,,Sample 9,mGapdh,25.381, , ,,,,,
NBL 01.22.023,Mast 448 P1,Cells,Sample 10,hGAPDH,18.418,0.8391653,-0.194,NM_8.23.11,MAST 448 p1 (NBL) - PASSED,NBL 01.23.023 ,2023-02-09,PASSED
 ,Mast 448?,,Sample 10,mGapdh,21.948, , ,,,,,
NBL 01.23.024,Mast 448 T,Tumor,Sample 1,hGAPDH,17.951,0.802638051,-0.264,NM_8.23.40,,,,
 ,,,Sample 1,mGapdh,22.365, , ,,,,,
NBL 01.23.024,Mast 448 S7,Organoids,Sample 2,hGAPDH,17.198,0.750054516,-0.365,NM_8.23.40,,,,
 ,,,Sample 2,mGapdh,22.929, , ,,,,,
NBL 01.23.024,Mast 448 P1,Cells,Sample 3,hGAPDH,18.254,0.959272689,0.037,NM_8.23.40,,,,
 ,,,Sample 3,mGapdh,19.029, , ,,,,,
NBL 01.23.025,Mast 603 T,Tumor,Sample 26,hGAPDH,36.256,2.050910737,2.136,NM_08.23.12,MAST 603 - T - FAILED,NBL 01.23.025,2023-02-23,FAILED
 ,,,Sample 26,mGapdh,17.678, , ,,,,,
NBL 01.23.025,Mast 603 S7,Orgnoids,Sample 27,hGAPDH,32.75,1.734731712,1.528,NM_08.23.12,MAST 603 S7 (NBL) - FAILED,NBL 01.23.025 ,2023-02-09,FAILED
 ,,,Sample 27,mGapdh,18.879, , ,,,,,
NBL 01.23.025,Mast 603 P1,Cells,Sample 28,hGAPDH,37.271,2.178189469,2.381,NM_08.23.12,,,,
 ,,,Sample 28,mGapdh,17.111, , ,,,,,
NBL 01.23.026,Mast 603 T,Tumor,Sample 41,hGAPDH,34.259,1.9060309335707133,1.857751795328295,NM_08.23.17,,,,
,,,Sample 41,mGapdh,17.974,,,,,,,
NBL 01.23.026,Mast 603 S7,Organoids,Sample 42,hGAPDH,29.579,1.4810975915076863,1.0405722913609352,NM_08.23.17,,,,
,,,Sample 42,mGapdh,19.971,,,,,,,
NBL 01.23.026,Mast 603 P1,Cells,Sample 43,hGAPDH,33.592,1.7763206599333718,1.6083089614103305,NM_08.23.17,,,,
,,,Sample 43,mGapdh,18.911,,,,,,,
NBL 01.23.027,Mast 530A T,Tumor,Sample 35,hGAPDH,15.928,0.721376811594203,-0.4204292084726865,NM_08.23.17,,,,
,,,Sample 35,mGapdh,22.08,,,,,,,
NBL 01.23.027,Mast 530A S7,Organoids,Sample 36,hGAPDH,15.911,0.7125391849529781,-0.4374246443211959,NM_08.23.17,,,,
,,,Sample 36,mGapdh,22.33,,,,,,,
NBL 01.23.027,Mast 530A P1,Cells,Sample 37,hGAPDH,15.675,0.8277009187876229,-0.21595977156226362,NM_08.23.17,,,,
,,,Sample 37,mGapdh,18.938,,,,,,,
NBL 01.23.028,,,,,,,,,,,,
NBL 01.23.028,,,,,,,,,,,,
NBL 01.23.029,Mast 501F T,Tumor,Sample 38,hGAPDH,15.202,0.6928896991795807,-0.4752121169623448,NM_08.23.17,,,,
,,,Sample 38,mGapdh,21.94,,,,,,,
NBL 01.23.029,Mast 501F S7,Organoids,Sample 39,hGAPDH,14.424,0.6188698674218046,-0.6175579472657603,NM_08.23.17,MAST 501F S7 (NBL) - PASSED,NBL 01.23.029,2023-02-23,PASSED
,,,Sample 39,mGapdh,23.307,,,,,,,
NBL 01.23.029,Mast 501F P1,Cells,Sample 40,hGAPDH,15.428,0.6212951030927836,-0.6128940325138776,NM_08.23.17,MAST 501F p1 (NBL) - PASSED,NBL 01.23.029,2023-04-04,PASSED
,,,Sample 40,mGapdh,24.832,,,,,,,
NBL 01.23.029,Mast 501F P3,Cells,Sample 25,hGAPDH,16.555,0.6334417447866845,-0.5895351061794528,NM_08.23.31,,,,
,,,Sample 25,mGapdh,26.135,,,,,,,
NBL 01.23.031,Mast 501E T,Tumor,Sample 27,hGAPDH,15.995,0.7180051173856443,-0.4269132357968377,NM_08.23.20,,,,
,,,Sample 27,mGapdh,22.277,,,,,,,
NBL 01.23.031,Mast 501E S7,Organoids,Sample 28,hGAPDH,15.916,0.6451822124934128,-0.5669572836665138,NM_08.23.20,MAST 501E S7 (NBL) - PASSED,NBL 01.23.031,2023-02-23,PASSED
,,,Sample 28,mGapdh,24.669,,,,,,,
NBL 01.23.031,Mast 501E P1,Cells,Sample 29,hGAPDH,16.113,0.6499273959341723,-0.5578319308958225,NM_08.23.20,MAST 501E p1 (NBL) - PASSED,NBL 01.23.031,2023-04-04,PASSED
,,,Sample 29,mGapdh,24.792,,,,,,,
NBL 01.23.031,Mast 501E P3,Cells,Sample 10,hGAPDH,16.789,0.657000861,-0.544,NM_08.23.33,,,,
 ,,,Sample 10,mGapdh,25.554, , ,,,,,
NBL 01.23.033,Mast 501C T,Tumor,Sample 20,hGAPDH,16.878,0.7846947789297504,-0.29866388667355687,NM_08.23.31,,,,
,,,Sample 20,mGapdh,21.509,,,,,,,
NBL 01.23.033,Mast 501C S7,Organoids,Sample 21,hGAPDH,16.451,0.6721552604698672,-0.5150860375579476,NM_08.23.31,,,,
,,,Sample 21,mGapdh,24.475,,,,,,,
NBL 01.23.033,Mast 501C P1,Cells,Sample 22,hGAPDH,17.549,0.7114940198662072,-0.43943457718037066,NM_08.23.31,MAST 501C p1 (NBL) - PASSED,NBL 01.23.033,2023-05-10,PASSED
,,,Sample 22,mGapdh,24.665,,,,,,,
NBL 01.23.035,Mast 532 T,Tumor,,,,,,,,,,
NBL 01.23.036,Mast 532 T,Tumor,Sample 4,hGAPDH,19.488,0.800197093,-0.269,NM_8.23.40,,,,
 ,,,Sample 4,mGapdh,24.354, , ,,,,,
NBL 01.23.036,Mast 532 S7,Organoids,Sample 5,hGAPDH,22.983,0.962316292,0.043,NM_8.23.40,,,,
 ,,,Sample 5,mGapdh,23.883, , ,,,,,
NBL 01.23.036,Mast 532 P1,Cells,Sample 6,hGAPDH,26.345,1.259381424,0.614,NM_8.23.40,,,,
 ,,,Sample 6,mGapdh,20.919, , ,,,,,
NBL 01.23.037,Mast 530A T,Tumor,Sample 6,hGAPDH,19.69,0.84699101,-0.179,NM_08.23.33,,,,
 ,,,Sample 6,mGapdh,23.247, , ,,,,,
NBL 01.23.037,Mast 530A S7,Organoids,Sample 7,hGAPDH,17.597,0.768965216,-0.329,NM_08.23.33,,,,
 ,,,Sample 7,mGapdh,22.884, , ,,,,,
NBL 01.23.037,Mast 530A P1,Cells,Sample 8,hGAPDH,17.907,0.836423934,-0.199,NM_08.23.33,MAST 530A p1 (NBL) - PASSED,NBL 01.23.037,2023-05-10,PASSED
 ,,,Sample 8,mGapdh,21.409, , ,,,,,
NBL 01.23.039,Mast 630A T,Tumor,Sample 4,hGAPDH,20.003,0.7828350031308704,-0.3022403785944799,NM_08.23.38,,,,
,,,Sample 4,mGapdh,25.552,,,,,,,
NBL 01.23.039,Mast 630A S7,Organoids,Sample 5,hGAPDH,17.337,0.731179621272827,-0.4015776513984095,NM_08.23.38,,,,
,,,Sample 5,mGapdh,23.711,,,,,,,
NBL 01.23.039,Mast 630A P1,Cells,Sample 6,hGAPDH,19.16,0.8232716022859107,-0.22447768791171013,NM_08.23.38,,,,
,,,Sample 6,mGapdh,23.273,,,,,,,
NBL 01.23.042,Mast 530B T,Tumor,Sample 7,hGAPDH,18.535,0.884430023,-0.107,NM_8.23.40,,,,
 ,,,Sample 7,mGapdh,20.957, , ,,,,,
NBL 01.23.042,Mast 530B S7,Organoids,Sample 8,hGAPDH,17.313,0.645742419,-0.566,NM_8.23.40,,,,
 ,,,Sample 8,mGapdh,26.811, , ,,,,,
NBL 01.23.042,Mast 530B P1,Cells,Sample 9,hGAPDH,17.55,0.691871008,-0.477,xcggzzzx,,,,
 ,,,Sample 9,mGapdh,25.366, , ,,,,,
NBL 01.23.045,Mast 275 P2,Cells,01.30.2024 MP,hGAPDH,20.859,0.73061296,-0.403,EO_06.24.004,,,,
 ,,, ,mGapdh,28.55, , ,,,,,
NBL 01.23.045,Mast 275 S7,Cells,11.21.2023 MP,hGAPDH,17.272,0.806763511,-0.256,,,,,
 ,,, ,mGapdh,21.409, , ,,,,,
NBL 01.23.047,Mast 465A S7,Cells,11.21.2023 MP,hGAPDH,18.869,0.840752128,-0.191,,,,,
 ,,, ,mGapdh,22.443, , ,,,,,
NBL 01.23.047,Mast 465A P2,Cells,12.08.2023 MP,hGAPDH,17.796,0.782482522,-0.303,,,,,
 ,,, ,mGapdh,22.743, , ,,,,,
