Experiment #,Sample Name,Type,Sample Name.1,Target Name,Mean Equivalent Cq,Human/Mouse Ratio (Ct),Mouse Contamination,NM Exp #
OST 01.21.001,Mast 152 S7 (Os3),Organoids,Sample 1,hGAPDH,38,2.337023370233702,2.686583404295581,NM_8.22.26
,,,Sample 1,mGapdh,16.26,,,NM_8.22.26
OST 01.21.001,Mast 152 S7 (Os1),Organoids,Sample 2,hGAPDH,38.252,2.3280384638792526,2.669304738229332,NM_8.22.26
,,,Sample 2,mGapdh,16.431,,,NM_8.22.26
OST 01.21.001,Mast 152 S7 (Os5),Organoids,Sample 3,hGAPDH,37.601,2.2696324017625398,2.5569853880048843,NM_8.22.26
,,,Sample 3,mGapdh,16.567,,,NM_8.22.26
OST 01.21.003,Mast 634 S7 (Os3),Organoids,Sample 4,hGAPDH,24.407,1.3683354824241745,0.823722081584951,NM_8.22.26
,,,Sample 4,mGapdh,17.837,,,NM_8.22.26
OST 01.21.003,Mast 634 S7 (Os1),Organoids,Sample 5,hGAPDH,23.519,1.2846296700895783,0.6627493655568814,NM_8.22.26
,,,Sample 5,mGapdh,18.308,,,NM_8.22.26
OST 01.21.003,Mast 634 S7 (Os5),Organoids,Sample 6,hGAPDH,21.852,1.2109725685785535,0.5211010934202953,NM_8.22.26
,,,Sample 6,mGapdh,18.045,,,NM_8.22.26
OST 01.21.006,Mast 492B S7 (Os3),Organoids,Sample 7,hGAPDH,28.414,1.3264553475561367,0.7431833606848783,NM_8.22.26
,,,Sample 7,mGapdh,21.421,,,NM_8.22.26
OST 01.21.006,Mast 492B S7 (Os1),Organoids,Sample 8,hGAPDH,29.208,1.2545852841372793,0.6049717002639988,NM_8.22.26
,,,Sample 8,mGapdh,23.281,,,NM_8.22.26
OST 01.21.006,Mast 492B S7 (Os5),Organoids,Sample 9,hGAPDH,27.278,1.2624028137726766,0.6200054111013013,NM_8.22.26
,,,Sample 9,mGapdh,21.608,,,NM_8.22.26
OST 01.21.001,Mast 152 P1 (Os3),Cells,Sample 10,hGAPDH,-,,,NM_8.22.26
,,,Sample 10,mGapdh,16.978,,,NM_8.22.26
OST 01.21.001,Mast 152 P1 (Os1),Cells,Sample 11,hGAPDH,38.667,2.20099043715847,2.4249816099201342,NM_8.22.26
,,,Sample 11,mGapdh,17.568,,,NM_8.22.26
OST 01.21.001,Mast 152 P1 (Os5),Cells,Sample 12,hGAPDH,38.689,2.259475559189394,2.5374529984411422,NM_8.22.26
,,,Sample 12,mGapdh,17.123,,,NM_8.22.26
OST 01.21.003,Mast 634 P1 (Os3),Cells,Sample 13,hGAPDH,18.304,0.9881235154394298,0.09254522199890351,NM_8.22.26
,,,Sample 13,mGapdh,18.524,,,NM_8.22.26
OST 01.21.003,Mast 634 P1 (Os1),Cells,Sample 14,hGAPDH,17.75,1.0065782012022229,0.12803500231196713,NM_8.22.26
,,,Sample 14,mGapdh,17.634,,,NM_8.22.26
OST 01.21.003,Mast 634 P1 (Os5),Cells,Sample 15,hGAPDH,18.062,1.0085995085995085,0.1319221319221319,NM_8.22.26
,,,Sample 15,mGapdh,17.908,,,NM_8.22.26
OST 01.21.006,Mast 492B P1 (Os3),Cells,Sample 16,hGAPDH,26.612,1.6487206492782356,1.3629243255350685,NM_8.22.26
,,,Sample 16,mGapdh,16.141,,,NM_8.22.26
OST 01.21.006,Mast 492B P1 (Os1),Cells,Sample 17,hGAPDH,26.804,1.6111077718338642,1.2905918689112774,NM_8.22.26
,,,Sample 17,mGapdh,16.637,,,NM_8.22.26
OST 01.21.006,Mast 492B P1 (Os5),Cells,Sample 18,hGAPDH,25.857,1.6084224931575017,1.2854278714567342,NM_8.22.26
,,,Sample 18,mGapdh,16.076,,,NM_8.22.26
JDM 01.21.036,Mast 634 P1 (Os1),Cells,Sample 16,hGAPDH,17.8,1.0016882386043895,0.1186312280853645,NM_8.22.26
,,,Sample 16,mGapdh,17.77,,,NM_8.22.26
JDM 01.21.036,Mast 634 P1 (Os3),Cells,Sample 17,hGAPDH,18.204,0.8471705137751303,-0.17851824274013392,NM_8.22.26
,,,Sample 17,mGapdh,21.488,,,NM_8.22.26
JDM 01.21.036,Mast 634 P1 (Os5),Cells,Sample 18,hGAPDH,17.994,0.8721826377781009,-0.13041800427288278,NM_8.22.26
,,,Sample 18,mGapdh,20.631,,,NM_8.22.26
RBL 01.22.006,SJRB 152 S7 (RPMI),suspension,Sample 1,hGAPDH,17.552,0.7018834726276642,-0.4579163987929534,NM_8.22.28
,,,Sample 1,mGapdh,25.007,,,NM_8.22.28
RBL 01.22.006,SJRB 152 S7 (RPMI),adherent,Sample 2,hGAPDH,17.64,0.7942725921923545,-0.28024501501470284,NM_8.22.28
,,,Sample 2,mGapdh,22.209,,,NM_8.22.28
RBL 01.22.006,SJRB 152 S7 RET(REM),suspension,Sample 3,hGAPDH,27.333,0.9083145021932739,-0.06093364962831928,NM_8.22.28
,,,Sample 3,mGapdh,30.092,,,NM_8.22.28
RBL 01.22.006,SJRB 152 S7 RET(REM),adherent,Sample 4,hGAPDH,17.13,0.7608261159227181,-0.34456516168708046,NM_8.22.28
,,,Sample 4,mGapdh,22.515,,,NM_8.22.28
RBL 01.22.006,SJRB 152 S7 (HPLM),suspension,Sample 5,hGAPDH,26.001,0.8785308825516962,-0.11820984124673797,NM_8.22.28
,,,Sample 5,mGapdh,29.596,,,NM_8.22.28
RBL 01.22.006,SJRB 152 S7 (HPLM),adherent,Sample 6,hGAPDH,17.795,0.8344274594391823,-0.2030241164631109,NM_8.22.28
,,,Sample 6,mGapdh,21.326,,,NM_8.22.28
RBL 01.22.006,SJRB 152 S7 (3DRDM),suspension,Sample 7,hGAPDH,17.524,0.7218057500617844,-0.4196043268042607,NM_8.22.28
,,,Sample 7,mGapdh,24.278,,,NM_8.22.28
RBL 01.22.006,SJRB 152 S7 (3DRDM),adherent,Sample 8,hGAPDH,23.933,1.106625976788274,0.32043457074668086,NM_8.22.28
,,,Sample 8,mGapdh,21.627,,,NM_8.22.28
RBL 01.22.009,SJRB 134 S7 (RPMI),suspension,Sample 9,hGAPDH,20.664,0.8383981823345642,-0.19538811089506875,NM_8.22.28
,,,Sample 9,mGapdh,24.647,,,NM_8.22.28
RBL 01.22.009,SJRB 134 S7 (RPMI),adherent,Sample 10,hGAPDH,19.402,0.924609226077011,-0.0295976421595941,NM_8.22.28
,,,Sample 10,mGapdh,20.984,,,NM_8.22.28
RBL 01.22.009,SJRB 134 S7 RET(REM),suspension,Sample 11,hGAPDH,18.263,0.7662904376284985,-0.3340568507144259,NM_8.22.28
,,,Sample 11,mGapdh,23.833,,,NM_8.22.28
RBL 01.22.009,SJRB 134 S7 RET(REM),adherent,Sample 12,hGAPDH,26.599,1.2846034965710422,0.662699031867389,NM_8.22.28
,,,Sample 12,mGapdh,20.706,,,NM_8.22.28
RBL 01.22.009,SJRB 134 S7 (HPLM),suspension,Sample 13,hGAPDH,19.11,0.7970802919708029,-0.2748455923638405,NM_8.22.28
,,,Sample 13,mGapdh,23.975,,,NM_8.22.28
RBL 01.22.009,SJRB 134 S7 (HPLM),adherent,Sample 14,hGAPDH,28.133,1.3417751705060332,0.7726445586654486,NM_8.22.28
,,,Sample 14,mGapdh,20.967,,,NM_8.22.28
RBL 01.22.009,SJRB 134 S7 (3DRDM),suspension,Sample 15,hGAPDH,17.55,0.7699056810704101,-0.3271044594799804,NM_8.22.28
,,,Sample 15,mGapdh,22.795,,,NM_8.22.28
RBL 01.22.009,SJRB 134 S7 (3DRDM),adherent,Sample 16,hGAPDH,26.246,1.337239516991899,0.7639221480613442,NM_8.22.28
,,,Sample 16,mGapdh,19.627,,,NM_8.22.28
RBL 01.22.012,SJRB 165 S7 (RPMI),suspension,Sample 17,hGAPDH,25.933,0.9875476009139375,0.09143769406526443,NM_8.22.28
,,,Sample 17,mGapdh,26.26,,,NM_8.22.28
RBL 01.22.012,SJRB 165 S7 (RPMI),adherent,Sample 18,hGAPDH,26.5,1.048093656067078,0.20787241551361152,NM_8.22.28
,,,Sample 18,mGapdh,25.284,,,NM_8.22.28
RBL 01.22.012,SJRB 165 S7 RET(REM),suspension,Sample 19,hGAPDH,33.724,1.1417930660888407,0.388063588632386,NM_8.22.28
,,,Sample 19,mGapdh,29.536,,,NM_8.22.28
RBL 01.22.012,SJRB 165 S7 RET(REM),adherent,Sample 20,hGAPDH,38.347,1.513179701681004,1.102268657078854,NM_8.22.28
,,,Sample 20,mGapdh,25.342,,,NM_8.22.28
RBL 01.22.012,SJRB 165 S7 (HPLM),suspension,Sample 21,hGAPDH,26.956,1.0228816453534701,0.15938777952590422,NM_8.22.28
,,,Sample 21,mGapdh,26.353,,,NM_8.22.28
RBL 01.22.012,SJRB 165 S7 (HPLM),adherent,Sample 22,hGAPDH,25.869,1.0486865574833792,0.20901261054496018,NM_8.22.28
,,,Sample 22,mGapdh,24.668,,,NM_8.22.28
RBL 01.22.012,SJRB 165 S7 (3DRDM),suspension,Sample 23,hGAPDH,25.167,0.9979380625718705,0.11141935109975097,NM_8.22.28
,,,Sample 23,mGapdh,25.219,,,NM_8.22.28
RBL 01.22.012,SJRB 165 S7 (3DRDM),adherent,Sample 24,hGAPDH,32.999,1.3937742861969928,0.8726428580711402,NM_8.22.28
,,,Sample 24,mGapdh,23.676,,,NM_8.22.28
RBL 01.22.006,SJRB 152 p1 (RPMI),suspension,Sample 1,hGAPDH,26.798,1.0315254628738597,0.1760105055266534,NM_8.22.29
,,,Sample 1,mGapdh,25.979,,,NM_8.22.29
RBL 01.22.006,SJRB 152 p1 (RPMI),adherent,Sample 2,hGAPDH,23.625,1.3240486465280503,0.73855508947702,NM_8.22.29
,,,Sample 2,mGapdh,17.843,,,NM_8.22.29
RBL 01.22.006,SJRB 152 p1 RET(REM),suspension,Sample 3,hGAPDH,27.029,1.0394170127672666,0.19118656301397435,NM_8.22.29
,,,Sample 3,mGapdh,26.004,,,NM_8.22.29
RBL 01.22.006,SJRB 152 p1 RET(REM),adherent,Sample 4,hGAPDH,20.638,1.2259712486634193,0.5499447089681142,NM_8.22.29
,,,Sample 4,mGapdh,16.834,,,NM_8.22.29
RBL 01.22.006,SJRB 152 p1 (HPLM),suspension,Sample 5,hGAPDH,28.18,1.0800245285911392,0.2692779395983447,NM_8.22.29
,,,Sample 5,mGapdh,26.092,,,NM_8.22.29
RBL 01.22.006,SJRB 152 p1 (HPLM),adherent,Sample 6,hGAPDH,22.666,1.2703732765385047,0.6353332241125091,NM_8.22.29
,,,Sample 6,mGapdh,17.842,,,NM_8.22.29
RBL 01.22.006,SJRB 152 p1 (3DRDM),suspension,Sample 7,hGAPDH,28.295,1.0434413836338827,0.1989257377574669,NM_8.22.29
,,,Sample 7,mGapdh,27.117,,,NM_8.22.29
RBL 01.22.006,SJRB 152 p1 (3DRDM),adherent,Sample 8,hGAPDH,20.81,1.1811113003008116,0.4636755775015608,NM_8.22.29
,,,Sample 8,mGapdh,17.619,,,NM_8.22.29
RBL 01.22.009,SJRB 134 p1 (RPMI),suspension,Sample 9,hGAPDH,26.859,1.0866170402136095,0.28195584656463374,NM_8.22.29
,,,Sample 9,mGapdh,24.718,,,NM_8.22.29
RBL 01.22.009,SJRB 134 p1 (RPMI),adherent,Sample 10,hGAPDH,24.094,1.4310150264298866,0.9442596662113205,NM_8.22.29
,,,Sample 10,mGapdh,16.837,,,NM_8.22.29
RBL 01.22.009,SJRB 134 p1 RET(REM),suspension,Sample 11,hGAPDH,25.105,1.0682524147908599,0.24663925921319213,NM_8.22.29
,,,Sample 11,mGapdh,23.501,,,NM_8.22.29
RBL 01.22.009,SJRB 134 p1 RET(REM),adherent,Sample 12,hGAPDH,19.481,1.2353985668082947,0.5680741669390285,NM_8.22.29
,,,Sample 12,mGapdh,15.769,,,NM_8.22.29
RBL 01.22.009,SJRB 134 p1 (HPLM),suspension,Sample 13,hGAPDH,28.889,1.157550987698842,0.4183672840362345,NM_8.22.29
,,,Sample 13,mGapdh,24.957,,,NM_8.22.29
RBL 01.22.009,SJRB 134 p1 (HPLM),adherent,Sample 14,hGAPDH,23.776,1.4365295148329407,0.954864451601809,NM_8.22.29
,,,Sample 14,mGapdh,16.551,,,NM_8.22.29
RBL 01.22.009,SJRB 134 p1 (3DRDM),suspension,Sample 15,hGAPDH,24.599,1.0125128627289566,0.1394478129403012,NM_8.22.29
,,,Sample 15,mGapdh,24.295,,,NM_8.22.29
RBL 01.22.009,SJRB 134 p1 (3DRDM),adherent,Sample 16,hGAPDH,21.532,1.2758947617918937,0.6459514649844109,NM_8.22.29
,,,Sample 16,mGapdh,16.876,,,NM_8.22.29
RBL 01.22.012,SJRB 165 p1 (RPMI),suspension,Sample 17,hGAPDH,31.886,1.258972637896316,0.613408919031377,NM_8.22.29
,,,Sample 17,mGapdh,25.327,,,NM_8.22.29
RBL 01.22.012,SJRB 165 p1 (RPMI),adherent,Sample 18,hGAPDH,36.295,1.912074596986619,1.8693742249742675,NM_8.22.29
,,,Sample 18,mGapdh,18.982,,,NM_8.22.29
RBL 01.22.012,SJRB 165 p1 RET(REM),suspension,Sample 19,hGAPDH,34.363,1.3773297526954986,0.8410187551836513,NM_8.22.29
,,,Sample 19,mGapdh,24.949,,,NM_8.22.29
RBL 01.22.012,SJRB 165 p1 RET(REM),adherent,Sample 20,hGAPDH,34.332,2.0392017106201,2.113849443500192,NM_8.22.29
,,,Sample 20,mGapdh,16.836,,,NM_8.22.29
RBL 01.22.012,SJRB 165 p1 (HPLM),suspension,Sample 21,hGAPDH,32.112,1.2611735134710549,0.617641372059721,NM_8.22.29
,,,Sample 21,mGapdh,25.462,,,NM_8.22.29
RBL 01.22.012,SJRB 165 p1 (HPLM),adherent,Sample 22,hGAPDH,32.761,1.8196511886247502,1.6916369012014427,NM_8.22.29
,,,Sample 22,mGapdh,18.004,,,NM_8.22.29
RBL 01.22.012,SJRB 165 p1 (3DRDM),suspension,Sample 23,hGAPDH,31.873,1.2166195892816245,0.5319607486185087,NM_8.22.29
,,,Sample 23,mGapdh,26.198,,,NM_8.22.29
RBL 01.22.012,SJRB 165 p1 (3DRDM),adherent,Sample 24,hGAPDH,33.981,1.8793761407001826,1.8064925782695818,NM_8.22.29
,,,Sample 24,mGapdh,18.081,,,NM_8.22.29
